"date","EventProcessedUtcTime","PartitionId","EventEnqueuedUtcTime","metadata_deviceType","metadata_studentId","metadata_uid","telemetry_temperature","telemetry_pressure","telemetry_humidity","telemetry_windSpeed","telemetry_windDirection","IoTHub_ConnectionDeviceId"
2019-11-15T00:00:00.0000000,2019-11-15T11:19:17.7424714Z,1,2019-11-15T11:18:07.6150000Z,"WeatherStation","4C788F17","E21894D4E39721AA",25.299999237060547,1012.556884765625,54.900001525878906,5.1999998092651367,151,"CWF-MX-001"
2019-11-15T00:00:00.0000000,2019-11-15T11:19:17.7424714Z,1,2019-11-15T11:18:12.9610000Z,"WeatherStation","4C788F17","E6263B5A2EDDA630",25.200000762939453,1012.564208984375,54.900001525878906,5.1999998092651367,151,"CWF-MX-001"
2019-11-15T00:00:00.0000000,2019-11-15T11:19:17.7424714Z,1,2019-11-15T11:18:18.3060000Z,"WeatherStation","4C788F17","6D6DB29E0526E2EC",25.299999237060547,1012.555419921875,54.700000762939453,5.1999998092651367,152,"CWF-MX-001"
2019-11-15T00:00:00.0000000,2019-11-15T11:19:17.7434691Z,1,2019-11-15T11:18:23.6500000Z,"WeatherStation","4C788F17","E21894D4E39721AA",25.299999237060547,1012.54443359375,54.700000762939453,5.1999998092651367,151,"CWF-MX-001"
2019-11-15T00:00:00.0000000,2019-11-15T11:19:17.7434691Z,1,2019-11-15T11:18:28.9810000Z,"WeatherStation","4C788F17","E21894D4E39721AA",25.299999237060547,1012.523193359375,54.900001525878906,5.1999998092651367,151,"CWF-MX-001"
2019-11-15T00:00:00.0000000,2019-11-15T11:19:17.7434691Z,1,2019-11-15T11:18:34.3270000Z,"WeatherStation","4C788F17","E6263B5A2EDDA630",25.200000762939453,1012.537353515625,54.900001525878906,5.1999998092651367,151,"CWF-MX-001"
2019-11-15T00:00:00.0000000,2019-11-15T11:19:17.7434691Z,1,2019-11-15T11:18:39.6730000Z,"WeatherStation","4C788F17","E6263B5A2EDDA630",25.200000762939453,1012.575439453125,54.900001525878906,5.1999998092651367,151,"CWF-MX-001"
2019-11-15T00:00:00.0000000,2019-11-15T11:19:17.7434691Z,1,2019-11-15T11:18:45.0210000Z,"WeatherStation","4C788F17","E6263B5A2EDDA630",25.200000762939453,1012.566162109375,54.700000762939453,5.1999998092651367,151,"CWF-MX-001"
2019-11-15T00:00:00.0000000,2019-11-15T11:19:17.7434691Z,1,2019-11-15T11:18:50.3500000Z,"WeatherStation","4C788F17","E6263B5A2EDDA630",25.200000762939453,1012.535400390625,54.700000762939453,5.1999998092651367,151,"CWF-MX-001"
2019-11-15T00:00:00.0000000,2019-11-15T11:19:17.7434691Z,1,2019-11-15T11:18:55.6950000Z,"WeatherStation","4C788F17","E6263B5A2EDDA630",25.200000762939453,1012.52392578125,54.700000762939453,5.1999998092651367,151,"CWF-MX-001"
2019-11-15T00:00:00.0000000,2019-11-15T11:19:17.7434691Z,1,2019-11-15T11:19:01.0420000Z,"WeatherStation","4C788F17","E21894D4E39721AA",25.299999237060547,1012.542236328125,54.799999237060547,5.1999998092651367,151,"CWF-MX-001"
2019-11-15T00:00:00.0000000,2019-11-15T11:19:17.7434691Z,1,2019-11-15T11:19:06.3890000Z,"WeatherStation","4C788F17","E21894D4E39721AA",25.299999237060547,1012.568115234375,55,5.1999998092651367,151,"CWF-MX-001"
2019-11-15T00:00:00.0000000,2019-11-15T11:19:17.7434691Z,1,2019-11-15T11:19:11.7360000Z,"WeatherStation","4C788F17","E21894D4E39721AA",25.299999237060547,1012.526611328125,54.799999237060547,5.1999998092651367,151,"CWF-MX-001"
2019-11-15T00:00:00.0000000,2019-11-15T11:19:17.7434691Z,1,2019-11-15T11:19:17.0680000Z,"WeatherStation","4C788F17","E21894D4E39721AA",25.299999237060547,1012.536376953125,54.700000762939453,5.1999998092651367,151,"CWF-MX-001"
2019-11-15T00:00:00.0000000,2019-11-15T11:19:22.4920511Z,1,2019-11-15T11:19:22.4180000Z,"WeatherStation","4C788F17","7247B2150D88C592",25.5,1012.543212890625,56.099998474121094,5.7999992370605469,248,"CWF-MX-001"
2019-11-15T00:00:00.0000000,2019-11-15T11:19:27.9196929Z,1,2019-11-15T11:19:27.7650000Z,"WeatherStation","4C788F17","D635451C4279A090",26.399999618530273,1012.483642578125,58.900001525878906,12.399992942810059,248,"CWF-MX-001"
2019-11-15T00:00:00.0000000,2019-11-15T11:19:33.2476301Z,1,2019-11-15T11:19:33.2040000Z,"WeatherStation","4C788F17","8E7418EF5C251B02",27,1012.539794921875,60.799999237060547,19,248,"CWF-MX-001"
2019-11-15T00:00:00.0000000,2019-11-15T11:19:38.6530111Z,1,2019-11-15T11:19:38.5500000Z,"WeatherStation","4C788F17","2D8D149C80C890A6",27.100000381469727,1012.548828125,60,20.600006103515625,360,"CWF-MX-001"
2019-11-15T00:00:00.0000000,2019-11-15T11:19:44.0473778Z,1,2019-11-15T11:19:43.9900000Z,"WeatherStation","4C788F17","2798A4BD2CE54235",26.700000762939453,1012.5478515625,58.099998474121094,20.600006103515625,360,"CWF-MX-001"
2019-11-15T00:00:00.0000000,2019-11-15T11:19:49.4432308Z,1,2019-11-15T11:19:49.3250000Z,"WeatherStation","4C788F17","475ADF901EA6125E",26.399999618530273,1012.601318359375,56.799999237060547,20.600006103515625,360,"CWF-MX-001"
2019-11-15T00:00:00.0000000,2019-11-15T11:19:54.9502195Z,1,2019-11-15T11:19:54.7790000Z,"WeatherStation","4C788F17","6B3CEDB33FCE8312",26.200000762939453,1012.537109375,55.799999237060547,20.600006103515625,360,"CWF-MX-001"
2019-11-15T00:00:00.0000000,2019-11-15T11:20:00.2462001Z,1,2019-11-15T11:20:00.2160000Z,"WeatherStation","4C788F17","E2CE341356F68CEB",26.100000381469727,1012.57421875,55.200000762939453,20.600006103515625,360,"CWF-MX-001"
2019-11-15T00:00:00.0000000,2019-11-15T11:20:05.6652079Z,1,2019-11-15T11:20:05.5610000Z,"WeatherStation","4C788F17","F9E4CFAF9FAFCB1F",25.899999618530273,1012.557373046875,55.099998474121094,20.600006103515625,360,"CWF-MX-001"
2019-11-15T00:00:00.0000000,2019-11-15T11:20:10.9792197Z,1,2019-11-15T11:20:10.9090000Z,"WeatherStation","4C788F17","F9E4CFAF9FAFCB1F",25.899999618530273,1012.589599609375,54.799999237060547,20.600006103515625,360,"CWF-MX-001"
2019-11-15T00:00:00.0000000,2019-11-15T11:20:16.3892504Z,1,2019-11-15T11:20:16.2690000Z,"WeatherStation","4C788F17","AF3C4EAB469073EE",25.799999237060547,1012.56298828125,54.5,20.600006103515625,360,"CWF-MX-001"
2019-11-15T00:00:00.0000000,2019-11-15T11:20:21.7842365Z,1,2019-11-15T11:20:21.6960000Z,"WeatherStation","4C788F17","AF3C4EAB469073EE",25.799999237060547,1012.543701171875,54.400001525878906,20.600006103515625,360,"CWF-MX-001"
2019-11-15T00:00:00.0000000,2019-11-15T11:20:27.0860346Z,1,2019-11-15T11:20:27.0400000Z,"WeatherStation","4C788F17","A0476CA2C9956F93",25.700000762939453,1012.5302734375,54.200000762939453,20.600006103515625,360,"CWF-MX-001"
2019-11-15T00:00:00.0000000,2019-11-15T11:20:32.5030235Z,1,2019-11-15T11:20:32.3720000Z,"WeatherStation","4C788F17","A0476CA2C9956F93",25.700000762939453,1012.534423828125,54.200000762939453,20.600006103515625,360,"CWF-MX-001"
2019-11-15T00:00:00.0000000,2019-11-15T11:20:37.8220123Z,1,2019-11-15T11:20:37.7180000Z,"WeatherStation","4C788F17","A0476CA2C9956F93",25.700000762939453,1012.504638671875,54.099998474121094,20.600006103515625,360,"CWF-MX-001"
2019-11-15T00:00:00.0000000,2019-11-15T11:20:43.1240176Z,1,2019-11-15T11:20:43.0620000Z,"WeatherStation","4C788F17","9EE0D70C0F1780B1",25.600000381469727,1012.53125,54.299999237060547,20.600006103515625,360,"CWF-MX-001"
2019-11-15T00:00:00.0000000,2019-11-15T11:20:48.5340465Z,1,2019-11-15T11:20:48.4070000Z,"WeatherStation","4C788F17","9EE0D70C0F1780B1",25.600000381469727,1012.546142578125,54.200000762939453,20.600006103515625,360,"CWF-MX-001"
2019-11-15T00:00:00.0000000,2019-11-15T11:20:53.8450341Z,1,2019-11-15T11:20:53.7980000Z,"WeatherStation","4C788F17","9EE0D70C0F1780B1",25.600000381469727,1012.53857421875,54.099998474121094,20.600006103515625,360,"CWF-MX-001"
2019-11-15T00:00:00.0000000,2019-11-15T11:20:59.2810493Z,1,2019-11-15T11:20:59.1890000Z,"WeatherStation","4C788F17","66C299E690061620",25.5,1012.533203125,54.200000762939453,20.600006103515625,360,"CWF-MX-001"
2019-11-15T00:00:00.0000000,2019-11-15T11:21:04.6060325Z,1,2019-11-15T11:21:04.5360000Z,"WeatherStation","4C788F17","66C299E690061620",25.5,1012.51171875,54.099998474121094,20.600006103515625,360,"CWF-MX-001"
2019-11-15T00:00:00.0000000,2019-11-15T11:21:09.9310532Z,1,2019-11-15T11:21:09.8800000Z,"WeatherStation","4C788F17","66C299E690061620",25.5,1012.516357421875,53.900001525878906,20.600006103515625,360,"CWF-MX-001"
2019-11-15T00:00:00.0000000,2019-11-15T11:21:15.3460439Z,1,2019-11-15T11:21:15.2130000Z,"WeatherStation","4C788F17","66C299E690061620",25.5,1012.52490234375,54.299999237060547,20.600006103515625,360,"CWF-MX-001"
2019-11-15T00:00:00.0000000,2019-11-15T11:21:20.6610680Z,1,2019-11-15T11:21:20.5580000Z,"WeatherStation","4C788F17","66C299E690061620",25.5,1012.478515625,54.099998474121094,20.600006103515625,360,"CWF-MX-001"
2019-11-15T00:00:00.0000000,2019-11-15T11:21:25.9770403Z,1,2019-11-15T11:21:25.9020000Z,"WeatherStation","4C788F17","66C299E690061620",25.5,1012.5068359375,54.299999237060547,20.600006103515625,360,"CWF-MX-001"
2019-11-15T00:00:00.0000000,2019-11-15T11:21:31.3930317Z,1,2019-11-15T11:21:31.2480000Z,"WeatherStation","4C788F17","1FCFD53E371FBDE2",25.399999618530273,1012.5244140625,54.099998474121094,20.600006103515625,360,"CWF-MX-001"
2019-11-15T00:00:00.0000000,2019-11-15T11:21:36.6990535Z,1,2019-11-15T11:21:36.5940000Z,"WeatherStation","4C788F17","66C299E690061620",25.5,1012.52490234375,54.5,20.600006103515625,360,"CWF-MX-001"
2019-11-15T00:00:00.0000000,2019-11-15T11:21:42.0140432Z,1,2019-11-15T11:21:41.9390000Z,"WeatherStation","4C788F17","1FCFD53E371FBDE2",25.399999618530273,1012.55615234375,54.299999237060547,20.600006103515625,360,"CWF-MX-001"
2019-11-15T00:00:00.0000000,2019-11-15T11:21:47.3230319Z,1,2019-11-15T11:21:47.2870000Z,"WeatherStation","4C788F17","66C299E690061620",25.5,1012.565185546875,54.299999237060547,20.600006103515625,360,"CWF-MX-001"
2019-11-15T00:00:00.0000000,2019-11-15T11:21:52.7360438Z,1,2019-11-15T11:21:52.6180000Z,"WeatherStation","4C788F17","1FCFD53E371FBDE2",25.399999618530273,1012.5556640625,54.299999237060547,20.600006103515625,360,"CWF-MX-001"
2019-11-15T00:00:00.0000000,2019-11-15T11:21:58.0390522Z,1,2019-11-15T11:21:57.9620000Z,"WeatherStation","4C788F17","66C299E690061620",25.5,1012.53857421875,54.299999237060547,20.600006103515625,360,"CWF-MX-001"
2019-11-15T00:00:00.0000000,2019-11-15T11:22:03.3390480Z,1,2019-11-15T11:22:03.3060000Z,"WeatherStation","4C788F17","66C299E690061620",25.5,1012.5458984375,54.400001525878906,20.600006103515625,360,"CWF-MX-001"
2019-11-15T00:00:00.0000000,2019-11-15T11:22:08.7430471Z,1,2019-11-15T11:22:08.6530000Z,"WeatherStation","4C788F17","1FCFD53E371FBDE2",25.399999618530273,1012.5419921875,53.900001525878906,20.600006103515625,360,"CWF-MX-001"
2019-11-15T00:00:00.0000000,2019-11-15T11:22:14.0420505Z,1,2019-11-15T11:22:13.9850000Z,"WeatherStation","4C788F17","66C299E690061620",25.5,1012.541259765625,54.299999237060547,20.600006103515625,360,"CWF-MX-001"
2019-11-15T00:00:00.0000000,2019-11-15T11:22:19.4379616Z,1,2019-11-15T11:22:19.3350000Z,"WeatherStation","4C788F17","1FCFD53E371FBDE2",25.399999618530273,1012.587158203125,54.299999237060547,20.600006103515625,360,"CWF-MX-001"
2019-11-15T00:00:00.0000000,2019-11-15T11:22:24.7249689Z,1,2019-11-15T11:22:24.6810000Z,"WeatherStation","4C788F17","1FCFD53E371FBDE2",25.399999618530273,1012.51171875,54.299999237060547,20.600006103515625,360,"CWF-MX-001"
2019-11-15T00:00:00.0000000,2019-11-15T11:22:30.1199744Z,1,2019-11-15T11:22:30.0250000Z,"WeatherStation","4C788F17","1FCFD53E371FBDE2",25.399999618530273,1012.516845703125,54.5,20.600006103515625,360,"CWF-MX-001"
2019-11-15T00:00:00.0000000,2019-11-15T11:22:35.5169669Z,1,2019-11-15T11:22:35.3570000Z,"WeatherStation","4C788F17","1FCFD53E371FBDE2",25.399999618530273,1012.592041015625,54.400001525878906,20.600006103515625,360,"CWF-MX-001"
2019-11-15T00:00:00.0000000,2019-11-15T11:22:40.8109683Z,1,2019-11-15T11:22:40.7020000Z,"WeatherStation","4C788F17","1FCFD53E371FBDE2",25.399999618530273,1012.51953125,54.5,20.600006103515625,360,"CWF-MX-001"
2019-11-15T00:00:00.0000000,2019-11-15T11:22:46.1199773Z,1,2019-11-15T11:22:46.0470000Z,"WeatherStation","4C788F17","1FCFD53E371FBDE2",25.399999618530273,1012.552978515625,54.400001525878906,20.600006103515625,360,"CWF-MX-001"
2019-11-15T00:00:00.0000000,2019-11-15T11:22:51.5140023Z,1,2019-11-15T11:22:51.3920000Z,"WeatherStation","4C788F17","1FCFD53E371FBDE2",25.399999618530273,1012.528564453125,54.200000762939453,20.600006103515625,360,"CWF-MX-001"
2019-11-15T00:00:00.0000000,2019-11-15T11:22:56.8159933Z,1,2019-11-15T11:22:56.7370000Z,"WeatherStation","4C788F17","1FCFD53E371FBDE2",25.399999618530273,1012.469970703125,54.700000762939453,20.600006103515625,360,"CWF-MX-001"
2019-11-15T00:00:00.0000000,2019-11-15T11:23:02.2160572Z,1,2019-11-15T11:23:02.0830000Z,"WeatherStation","4C788F17","178132C4249314F6",25.299999237060547,1012.46875,54.400001525878906,20.600006103515625,360,"CWF-MX-001"
2019-11-15T00:00:00.0000000,2019-11-15T11:23:07.5090140Z,1,2019-11-15T11:23:07.4130000Z,"WeatherStation","4C788F17","178132C4249314F6",25.299999237060547,1012.513916015625,54.400001525878906,20.600006103515625,360,"CWF-MX-001"
2019-11-15T00:00:00.0000000,2019-11-15T11:23:12.8070033Z,1,2019-11-15T11:23:12.7580000Z,"WeatherStation","4C788F17","178132C4249314F6",25.299999237060547,1012.51123046875,54.599998474121094,20.600006103515625,360,"CWF-MX-001"
2019-11-15T00:00:00.0000000,2019-11-15T11:23:18.2109845Z,1,2019-11-15T11:23:18.1040000Z,"WeatherStation","4C788F17","178132C4249314F6",25.299999237060547,1012.529052734375,54.400001525878906,20.600006103515625,360,"CWF-MX-001"
2019-11-15T00:00:00.0000000,2019-11-15T11:23:23.5050236Z,1,2019-11-15T11:23:23.4510000Z,"WeatherStation","4C788F17","178132C4249314F6",25.299999237060547,1012.582275390625,54.599998474121094,20.600006103515625,360,"CWF-MX-001"
2019-11-15T00:00:00.0000000,2019-11-15T11:23:28.8990020Z,1,2019-11-15T11:23:28.7950000Z,"WeatherStation","4C788F17","1FCFD53E371FBDE2",25.399999618530273,1012.515869140625,54.5,20.600006103515625,360,"CWF-MX-001"
2019-11-15T00:00:00.0000000,2019-11-15T11:23:34.2079882Z,1,2019-11-15T11:23:34.1240000Z,"WeatherStation","4C788F17","178132C4249314F6",25.299999237060547,1012.607666015625,54.5,20.600006103515625,360,"CWF-MX-001"
2019-11-15T00:00:00.0000000,2019-11-15T11:23:39.5059790Z,1,2019-11-15T11:23:39.4690000Z,"WeatherStation","4C788F17","178132C4249314F6",25.299999237060547,1012.541015625,54.5,20.600006103515625,360,"CWF-MX-001"
2019-11-15T00:00:00.0000000,2019-11-15T11:23:44.9099720Z,1,2019-11-15T11:23:44.8160000Z,"WeatherStation","4C788F17","178132C4249314F6",25.299999237060547,1012.564208984375,54.400001525878906,20.600006103515625,360,"CWF-MX-001"
2019-11-15T00:00:00.0000000,2019-11-15T11:23:50.2139695Z,1,2019-11-15T11:23:50.1610000Z,"WeatherStation","4C788F17","178132C4249314F6",25.299999237060547,1012.545166015625,54.599998474121094,20.600006103515625,360,"CWF-MX-001"
2019-11-15T00:00:00.0000000,2019-11-15T11:23:55.6139846Z,1,2019-11-15T11:23:55.5070000Z,"WeatherStation","4C788F17","178132C4249314F6",25.299999237060547,1012.553955078125,54.400001525878906,20.600006103515625,360,"CWF-MX-001"
2019-11-15T00:00:00.0000000,2019-11-15T11:24:01.0100325Z,1,2019-11-15T11:24:00.8370000Z,"WeatherStation","4C788F17","178132C4249314F6",25.299999237060547,1012.555419921875,54.700000762939453,20.600006103515625,360,"CWF-MX-001"
2019-11-15T00:00:00.0000000,2019-11-15T11:24:06.4050090Z,1,2019-11-15T11:24:06.2920000Z,"WeatherStation","4C788F17","178132C4249314F6",25.299999237060547,1012.508056640625,54.599998474121094,20.600006103515625,360,"CWF-MX-001"
2019-11-15T00:00:00.0000000,2019-11-15T11:24:11.8078785Z,1,2019-11-15T11:24:11.6380000Z,"WeatherStation","4C788F17","178132C4249314F6",25.299999237060547,1012.53759765625,54.700000762939453,20.600006103515625,360,"CWF-MX-001"
2019-11-15T00:00:00.0000000,2019-11-15T11:24:17.1048310Z,1,2019-11-15T11:24:17.0790000Z,"WeatherStation","4C788F17","178132C4249314F6",25.299999237060547,1012.54296875,54.599998474121094,20.600006103515625,360,"CWF-MX-001"
2019-11-15T00:00:00.0000000,2019-11-15T11:24:22.5087382Z,1,2019-11-15T11:24:22.4390000Z,"WeatherStation","4C788F17","178132C4249314F6",25.299999237060547,1012.5283203125,54.599998474121094,20.600006103515625,360,"CWF-MX-001"
2019-11-15T00:00:00.0000000,2019-11-15T11:24:28.0157907Z,1,2019-11-15T11:24:27.8620000Z,"WeatherStation","4C788F17","1FCFD53E371FBDE2",25.399999618530273,1012.559814453125,54.700000762939453,20.600006103515625,360,"CWF-MX-001"
2019-11-15T00:00:00.0000000,2019-11-15T11:24:33.3208893Z,1,2019-11-15T11:24:33.2060000Z,"WeatherStation","4C788F17","178132C4249314F6",25.299999237060547,1012.5517578125,54.700000762939453,20.600006103515625,360,"CWF-MX-001"
2019-11-15T00:00:00.0000000,2019-11-15T11:24:38.6178871Z,1,2019-11-15T11:24:38.5510000Z,"WeatherStation","4C788F17","178132C4249314F6",25.299999237060547,1012.521240234375,54.799999237060547,20.600006103515625,360,"CWF-MX-001"
2019-11-15T00:00:00.0000000,2019-11-15T11:24:43.9089642Z,1,2019-11-15T11:24:43.8990000Z,"WeatherStation","4C788F17","178132C4249314F6",25.299999237060547,1012.497314453125,54.599998474121094,20.600006103515625,360,"CWF-MX-001"
2019-11-15T00:00:00.0000000,2019-11-15T11:24:49.3049981Z,1,2019-11-15T11:24:49.2300000Z,"WeatherStation","4C788F17","178132C4249314F6",25.299999237060547,1012.576171875,54.700000762939453,20.600006103515625,360,"CWF-MX-001"
2019-11-15T00:00:00.0000000,2019-11-15T11:24:54.7040353Z,1,2019-11-15T11:24:54.5790000Z,"WeatherStation","4C788F17","178132C4249314F6",25.299999237060547,1012.57958984375,54.599998474121094,20.600006103515625,360,"CWF-MX-001"
2019-11-15T00:00:00.0000000,2019-11-15T11:25:00.0000375Z,1,2019-11-15T11:24:59.9230000Z,"WeatherStation","4C788F17","178132C4249314F6",25.299999237060547,1012.544677734375,54.799999237060547,20.600006103515625,360,"CWF-MX-001"
2019-11-15T00:00:00.0000000,2019-11-15T11:25:05.4030132Z,1,2019-11-15T11:25:05.2700000Z,"WeatherStation","4C788F17","178132C4249314F6",25.299999237060547,1012.57470703125,54.599998474121094,20.600006103515625,360,"CWF-MX-001"
2019-11-15T00:00:00.0000000,2019-11-15T11:25:10.7060693Z,1,2019-11-15T11:25:10.6020000Z,"WeatherStation","4C788F17","178132C4249314F6",25.299999237060547,1012.56396484375,54.599998474121094,20.600006103515625,360,"CWF-MX-001"
2019-11-15T00:00:00.0000000,2019-11-15T11:25:16.0100407Z,1,2019-11-15T11:25:15.9510000Z,"WeatherStation","4C788F17","178132C4249314F6",25.299999237060547,1012.594482421875,54.599998474121094,20.600006103515625,360,"CWF-MX-001"
2019-11-15T00:00:00.0000000,2019-11-15T11:25:21.4100243Z,1,2019-11-15T11:25:21.2980000Z,"WeatherStation","4C788F17","178132C4249314F6",25.299999237060547,1012.52978515625,54.5,20.600006103515625,360,"CWF-MX-001"
2019-11-15T00:00:00.0000000,2019-11-15T11:25:26.7050700Z,1,2019-11-15T11:25:26.6430000Z,"WeatherStation","4C788F17","178132C4249314F6",25.299999237060547,1012.563720703125,54.700000762939453,20.600006103515625,360,"CWF-MX-001"
2019-11-15T00:00:00.0000000,2019-11-15T11:25:32.1060681Z,1,2019-11-15T11:25:31.9730000Z,"WeatherStation","4C788F17","16283C9893F63B7F",25.200000762939453,1012.562744140625,54.400001525878906,20.600006103515625,360,"CWF-MX-001"
2019-11-15T00:00:00.0000000,2019-11-15T11:25:37.4000391Z,1,2019-11-15T11:25:37.3230000Z,"WeatherStation","4C788F17","178132C4249314F6",25.299999237060547,1012.600830078125,54.599998474121094,20.600006103515625,360,"CWF-MX-001"
2019-11-15T00:00:00.0000000,2019-11-15T11:25:42.7890785Z,1,2019-11-15T11:25:42.6670000Z,"WeatherStation","4C788F17","178132C4249314F6",25.299999237060547,1012.57275390625,54.5,20.600006103515625,360,"CWF-MX-001"
2019-11-15T00:00:00.0000000,2019-11-15T11:25:48.0740693Z,1,2019-11-15T11:25:47.9980000Z,"WeatherStation","4C788F17","178132C4249314F6",25.299999237060547,1012.52490234375,54.400001525878906,20.600006103515625,360,"CWF-MX-001"
2019-11-15T00:00:00.0000000,2019-11-15T11:25:53.3631366Z,1,2019-11-15T11:25:53.3440000Z,"WeatherStation","4C788F17","178132C4249314F6",25.299999237060547,1012.561767578125,54.599998474121094,20.600006103515625,360,"CWF-MX-001"
2019-11-15T00:00:00.0000000,2019-11-15T11:25:58.7590988Z,1,2019-11-15T11:25:58.6870000Z,"WeatherStation","4C788F17","178132C4249314F6",25.299999237060547,1012.552978515625,54.599998474121094,20.600006103515625,360,"CWF-MX-001"
2019-11-15T00:00:00.0000000,2019-11-15T11:26:04.1541140Z,1,2019-11-15T11:26:04.0320000Z,"WeatherStation","4C788F17","178132C4249314F6",25.299999237060547,1012.57470703125,54.5,20.600006103515625,360,"CWF-MX-001"
2019-11-15T00:00:00.0000000,2019-11-15T11:26:09.4471444Z,1,2019-11-15T11:26:09.3790000Z,"WeatherStation","4C788F17","178132C4249314F6",25.299999237060547,1012.57275390625,54.400001525878906,20.600006103515625,360,"CWF-MX-001"
2019-11-15T00:00:00.0000000,2019-11-15T11:26:14.8441759Z,1,2019-11-15T11:26:14.7160000Z,"WeatherStation","4C788F17","178132C4249314F6",25.299999237060547,1012.583740234375,54.700000762939453,20.600006103515625,360,"CWF-MX-001"
2019-11-15T00:00:00.0000000,2019-11-15T11:26:20.1502205Z,1,2019-11-15T11:26:20.0630000Z,"WeatherStation","4C788F17","178132C4249314F6",25.299999237060547,1012.6025390625,54.5,20.600006103515625,360,"CWF-MX-001"
2019-11-15T00:00:00.0000000,2019-11-15T11:26:25.5472535Z,1,2019-11-15T11:26:25.4230000Z,"WeatherStation","4C788F17","178132C4249314F6",25.299999237060547,1012.533447265625,54.5,20.600006103515625,360,"CWF-MX-001"
2019-11-15T00:00:00.0000000,2019-11-15T11:26:34.4952672Z,1,2019-11-15T11:26:34.4000000Z,"WeatherStation","4C788F17","178132C4249314F6",25.299999237060547,1012.595947265625,54.400001525878906,20.600006103515625,360,"CWF-MX-001"
2019-11-15T00:00:00.0000000,2019-11-15T11:26:40.0952975Z,1,2019-11-15T11:26:39.9790000Z,"WeatherStation","4C788F17","178132C4249314F6",25.299999237060547,1012.58642578125,54.5,20.600006103515625,360,"CWF-MX-001"
2019-11-15T00:00:00.0000000,2019-11-15T11:26:45.4843619Z,1,2019-11-15T11:26:45.4030000Z,"WeatherStation","4C788F17","178132C4249314F6",25.299999237060547,1012.63623046875,54.400001525878906,20.600006103515625,360,"CWF-MX-001"
2019-11-15T00:00:00.0000000,2019-11-15T11:26:50.7783837Z,1,2019-11-15T11:26:50.7480000Z,"WeatherStation","4C788F17","178132C4249314F6",25.299999237060547,1012.56396484375,54.799999237060547,20.600006103515625,360,"CWF-MX-001"
2019-11-15T00:00:00.0000000,2019-11-15T11:26:56.1673917Z,1,2019-11-15T11:26:56.0790000Z,"WeatherStation","4C788F17","178132C4249314F6",25.299999237060547,1012.59765625,54.299999237060547,20.600006103515625,360,"CWF-MX-001"
2019-11-15T00:00:00.0000000,2019-11-15T11:27:01.4704116Z,1,2019-11-15T11:27:01.4260000Z,"WeatherStation","4C788F17","178132C4249314F6",25.299999237060547,1012.59619140625,54.299999237060547,20.600006103515625,360,"CWF-MX-001"
2019-11-15T00:00:00.0000000,2019-11-15T11:27:06.8674541Z,1,2019-11-15T11:27:06.7720000Z,"WeatherStation","4C788F17","178132C4249314F6",25.299999237060547,1012.58203125,54.5,20.600006103515625,360,"CWF-MX-001"
2019-11-15T00:00:00.0000000,2019-11-15T11:27:12.1624723Z,1,2019-11-15T11:27:12.1190000Z,"WeatherStation","4C788F17","178132C4249314F6",25.299999237060547,1012.607666015625,54.5,20.600006103515625,360,"CWF-MX-001"
2019-11-15T00:00:00.0000000,2019-11-15T11:27:17.5675093Z,1,2019-11-15T11:27:17.4490000Z,"WeatherStation","4C788F17","178132C4249314F6",25.299999237060547,1012.59033203125,54.5,20.600006103515625,360,"CWF-MX-001"
2019-11-15T00:00:00.0000000,2019-11-15T11:27:22.8545359Z,1,2019-11-15T11:27:22.7960000Z,"WeatherStation","4C788F17","178132C4249314F6",25.299999237060547,1012.624755859375,54.5,20.600006103515625,360,"CWF-MX-001"
2019-11-15T00:00:00.0000000,2019-11-15T11:27:28.2485929Z,1,2019-11-15T11:27:28.1410000Z,"WeatherStation","4C788F17","178132C4249314F6",25.299999237060547,1012.638916015625,54.5,20.600006103515625,360,"CWF-MX-001"
2019-11-15T00:00:00.0000000,2019-11-15T11:27:33.5475846Z,1,2019-11-15T11:27:33.4880000Z,"WeatherStation","4C788F17","178132C4249314F6",25.299999237060547,1012.606689453125,54.5,20.600006103515625,360,"CWF-MX-001"
2019-11-15T00:00:00.0000000,2019-11-15T11:27:38.9396573Z,1,2019-11-15T11:27:38.8350000Z,"WeatherStation","4C788F17","16283C9893F63B7F",25.200000762939453,1012.594970703125,54.5,20.600006103515625,360,"CWF-MX-001"
2019-11-15T00:00:00.0000000,2019-11-15T11:27:44.2306680Z,1,2019-11-15T11:27:44.1680000Z,"WeatherStation","4C788F17","16283C9893F63B7F",25.200000762939453,1012.611083984375,54.599998474121094,20.600006103515625,360,"CWF-MX-001"
2019-11-15T00:00:00.0000000,2019-11-15T11:27:49.6307202Z,1,2019-11-15T11:27:49.5130000Z,"WeatherStation","4C788F17","16283C9893F63B7F",25.200000762939453,1012.58935546875,54.599998474121094,20.600006103515625,360,"CWF-MX-001"
2019-11-15T00:00:00.0000000,2019-11-15T11:27:54.9281113Z,1,2019-11-15T11:27:54.8590000Z,"WeatherStation","4C788F17","16283C9893F63B7F",25.200000762939453,1012.60302734375,54.599998474121094,20.600006103515625,360,"CWF-MX-001"
2019-11-15T00:00:00.0000000,2019-11-15T11:28:00.2321271Z,1,2019-11-15T11:28:00.2030000Z,"WeatherStation","4C788F17","5615D5C659A29185",25.100000381469727,1012.615234375,54.599998474121094,20.600006103515625,360,"CWF-MX-001"
2019-11-15T00:00:00.0000000,2019-11-15T11:28:05.6321726Z,1,2019-11-15T11:28:05.5350000Z,"WeatherStation","4C788F17","5615D5C659A29185",25.100000381469727,1012.641845703125,54.599998474121094,20.600006103515625,360,"CWF-MX-001"
2019-11-15T00:00:00.0000000,2019-11-15T11:28:10.9251994Z,1,2019-11-15T11:28:10.8790000Z,"WeatherStation","4C788F17","16283C9893F63B7F",25.200000762939453,1012.644775390625,54.599998474121094,20.600006103515625,360,"CWF-MX-001"
2019-11-15T00:00:00.0000000,2019-11-15T11:28:16.3312225Z,1,2019-11-15T11:28:16.2260000Z,"WeatherStation","4C788F17","16283C9893F63B7F",25.200000762939453,1012.60498046875,54.5,20.600006103515625,360,"CWF-MX-001"
2019-11-15T00:00:00.0000000,2019-11-15T11:28:21.6472516Z,1,2019-11-15T11:28:21.5710000Z,"WeatherStation","4C788F17","16283C9893F63B7F",25.200000762939453,1012.6005859375,54.700000762939453,20.600006103515625,360,"CWF-MX-001"
2019-11-15T00:00:00.0000000,2019-11-15T11:28:26.9452587Z,1,2019-11-15T11:28:26.9160000Z,"WeatherStation","4C788F17","178132C4249314F6",25.299999237060547,1012.60400390625,54.599998474121094,20.600006103515625,360,"CWF-MX-001"
2019-11-15T00:00:00.0000000,2019-11-15T11:28:32.3412990Z,1,2019-11-15T11:28:32.2620000Z,"WeatherStation","4C788F17","16283C9893F63B7F",25.200000762939453,1012.60400390625,54.900001525878906,20.600006103515625,360,"CWF-MX-001"
2019-11-15T00:00:00.0000000,2019-11-15T11:28:37.6433146Z,1,2019-11-15T11:28:37.5950000Z,"WeatherStation","4C788F17","178132C4249314F6",25.299999237060547,1012.60693359375,54.5,20.600006103515625,360,"CWF-MX-001"
2019-11-15T00:00:00.0000000,2019-11-15T11:28:43.0453751Z,1,2019-11-15T11:28:42.9390000Z,"WeatherStation","4C788F17","178132C4249314F6",25.299999237060547,1012.595458984375,54.700000762939453,20.600006103515625,360,"CWF-MX-001"
2019-11-15T00:00:00.0000000,2019-11-15T11:28:48.3434030Z,1,2019-11-15T11:28:48.2850000Z,"WeatherStation","4C788F17","16283C9893F63B7F",25.200000762939453,1012.62060546875,54.700000762939453,20.600006103515625,360,"CWF-MX-001"
2019-11-15T00:00:00.0000000,2019-11-15T11:28:53.7423908Z,1,2019-11-15T11:28:53.6310000Z,"WeatherStation","4C788F17","16283C9893F63B7F",25.200000762939453,1012.6171875,54.700000762939453,20.600006103515625,360,"CWF-MX-001"
2019-11-15T00:00:00.0000000,2019-11-15T11:28:59.0354618Z,1,2019-11-15T11:28:58.9750000Z,"WeatherStation","4C788F17","16283C9893F63B7F",25.200000762939453,1012.648681640625,54.599998474121094,20.600006103515625,360,"CWF-MX-001"
2019-11-15T00:00:00.0000000,2019-11-15T11:29:04.4304844Z,1,2019-11-15T11:29:04.3070000Z,"WeatherStation","4C788F17","16283C9893F63B7F",25.200000762939453,1012.665771484375,54.599998474121094,20.600006103515625,360,"CWF-MX-001"
2019-11-15T00:00:00.0000000,2019-11-15T11:29:09.8344780Z,1,2019-11-15T11:29:09.7310000Z,"WeatherStation","4C788F17","16283C9893F63B7F",25.200000762939453,1012.67138671875,54.700000762939453,20.600006103515625,360,"CWF-MX-001"
2019-11-15T00:00:00.0000000,2019-11-15T11:29:15.2315605Z,1,2019-11-15T11:29:15.0920000Z,"WeatherStation","4C788F17","16283C9893F63B7F",25.200000762939453,1012.642822265625,54.599998474121094,20.600006103515625,360,"CWF-MX-001"
2019-11-15T00:00:00.0000000,2019-11-15T11:29:20.5335423Z,1,2019-11-15T11:29:20.4370000Z,"WeatherStation","4C788F17","16283C9893F63B7F",25.200000762939453,1012.688232421875,54.599998474121094,20.600006103515625,360,"CWF-MX-001"
2019-11-15T00:00:00.0000000,2019-11-15T11:29:25.9266159Z,1,2019-11-15T11:29:25.7820000Z,"WeatherStation","4C788F17","16283C9893F63B7F",25.200000762939453,1012.593505859375,54.799999237060547,20.600006103515625,360,"CWF-MX-001"
2019-11-15T00:00:00.0000000,2019-11-15T11:29:31.2165968Z,1,2019-11-15T11:29:31.1300000Z,"WeatherStation","4C788F17","16283C9893F63B7F",25.200000762939453,1012.64111328125,54.799999237060547,20.600006103515625,360,"CWF-MX-001"
2019-11-15T00:00:00.0000000,2019-11-15T11:29:36.7126694Z,1,2019-11-15T11:29:36.5730000Z,"WeatherStation","4C788F17","16283C9893F63B7F",25.200000762939453,1012.66162109375,54.700000762939453,20.600006103515625,360,"CWF-MX-001"
2019-11-15T00:00:00.0000000,2019-11-15T11:29:42.0096529Z,1,2019-11-15T11:29:41.9080000Z,"WeatherStation","4C788F17","16283C9893F63B7F",25.200000762939453,1012.650390625,54.599998474121094,20.600006103515625,360,"CWF-MX-001"
2019-11-15T00:00:00.0000000,2019-11-15T11:29:47.3057339Z,1,2019-11-15T11:29:47.2530000Z,"WeatherStation","4C788F17","16283C9893F63B7F",25.200000762939453,1012.6337890625,54.799999237060547,20.600006103515625,360,"CWF-MX-001"
2019-11-15T00:00:00.0000000,2019-11-15T11:29:52.6997069Z,1,2019-11-15T11:29:52.6020000Z,"WeatherStation","4C788F17","16283C9893F63B7F",25.200000762939453,1012.686279296875,54.700000762939453,20.600006103515625,360,"CWF-MX-001"
2019-11-15T00:00:00.0000000,2019-11-15T11:29:57.9887290Z,1,2019-11-15T11:29:57.9470000Z,"WeatherStation","4C788F17","16283C9893F63B7F",25.200000762939453,1012.683349609375,54.700000762939453,20.600006103515625,360,"CWF-MX-001"
2019-11-15T00:00:00.0000000,2019-11-15T11:30:03.3817635Z,1,2019-11-15T11:30:03.2930000Z,"WeatherStation","4C788F17","16283C9893F63B7F",25.200000762939453,1012.60791015625,54.700000762939453,20.600006103515625,360,"CWF-MX-001"
2019-11-15T00:00:00.0000000,2019-11-15T11:30:08.7797876Z,1,2019-11-15T11:30:08.6220000Z,"WeatherStation","4C788F17","16283C9893F63B7F",25.200000762939453,1012.662353515625,54.5,20.600006103515625,360,"CWF-MX-001"
2019-11-15T00:00:00.0000000,2019-11-15T11:30:14.1768206Z,1,2019-11-15T11:30:14.0780000Z,"WeatherStation","4C788F17","16283C9893F63B7F",25.200000762939453,1012.64697265625,54.900001525878906,20.600006103515625,360,"CWF-MX-001"
2019-11-15T00:00:00.0000000,2019-11-15T11:30:19.4728570Z,1,2019-11-15T11:30:19.4080000Z,"WeatherStation","4C788F17","16283C9893F63B7F",25.200000762939453,1012.6474609375,54.299999237060547,20.600006103515625,360,"CWF-MX-001"
2019-11-15T00:00:00.0000000,2019-11-15T11:30:24.8718988Z,1,2019-11-15T11:30:24.7530000Z,"WeatherStation","4C788F17","16283C9893F63B7F",25.200000762939453,1012.681884765625,54.700000762939453,20.600006103515625,360,"CWF-MX-001"
2019-11-15T00:00:00.0000000,2019-11-15T11:30:30.2677253Z,1,2019-11-15T11:30:30.2100000Z,"WeatherStation","4C788F17","16283C9893F63B7F",25.200000762939453,1012.68701171875,54.799999237060547,20.600006103515625,360,"CWF-MX-001"
2019-11-15T00:00:00.0000000,2019-11-15T11:30:35.6624141Z,1,2019-11-15T11:30:35.5380000Z,"WeatherStation","4C788F17","178132C4249314F6",25.299999237060547,1012.619140625,54.700000762939453,20.600006103515625,360,"CWF-MX-001"
2019-11-15T00:00:00.0000000,2019-11-15T11:30:41.0564531Z,1,2019-11-15T11:30:40.9910000Z,"WeatherStation","4C788F17","16283C9893F63B7F",25.200000762939453,1012.65283203125,54.599998474121094,20.600006103515625,360,"CWF-MX-001"
2019-11-15T00:00:00.0000000,2019-11-15T11:30:46.4564718Z,1,2019-11-15T11:30:46.3350000Z,"WeatherStation","4C788F17","16283C9893F63B7F",25.200000762939453,1012.69189453125,54.799999237060547,20.600006103515625,360,"CWF-MX-001"
2019-11-15T00:00:00.0000000,2019-11-15T11:30:51.7555721Z,1,2019-11-15T11:30:51.6800000Z,"WeatherStation","4C788F17","16283C9893F63B7F",25.200000762939453,1012.650634765625,54.599998474121094,20.600006103515625,360,"CWF-MX-001"
2019-11-15T00:00:00.0000000,2019-11-15T11:30:57.3526048Z,1,2019-11-15T11:30:57.2270000Z,"WeatherStation","4C788F17","178132C4249314F6",25.299999237060547,1012.609619140625,54.700000762939453,20.600006103515625,360,"CWF-MX-001"
2019-11-15T00:00:00.0000000,2019-11-15T11:31:02.6436592Z,1,2019-11-15T11:31:02.5710000Z,"WeatherStation","4C788F17","16283C9893F63B7F",25.200000762939453,1012.597412109375,54.700000762939453,20.600006103515625,360,"CWF-MX-001"
2019-11-15T00:00:00.0000000,2019-11-15T11:31:08.1476539Z,1,2019-11-15T11:31:08.0080000Z,"WeatherStation","4C788F17","178132C4249314F6",25.299999237060547,1012.634033203125,54.700000762939453,20.600006103515625,360,"CWF-MX-001"
2019-11-15T00:00:00.0000000,2019-11-15T11:31:13.5498268Z,1,2019-11-15T11:31:13.4470000Z,"WeatherStation","4C788F17","178132C4249314F6",25.299999237060547,1012.58056640625,54.700000762939453,20.600006103515625,360,"CWF-MX-001"
2019-11-15T00:00:00.0000000,2019-11-15T11:31:19.0528346Z,1,2019-11-15T11:31:18.9630000Z,"WeatherStation","4C788F17","178132C4249314F6",25.299999237060547,1012.582763671875,54.700000762939453,20.600006103515625,360,"CWF-MX-001"
2019-11-15T00:00:00.0000000,2019-11-15T11:31:24.4468714Z,1,2019-11-15T11:31:24.3380000Z,"WeatherStation","4C788F17","178132C4249314F6",25.299999237060547,1012.620849609375,54.700000762939453,20.600006103515625,360,"CWF-MX-001"
2019-11-15T00:00:00.0000000,2019-11-15T11:31:29.7418943Z,1,2019-11-15T11:31:29.6820000Z,"WeatherStation","4C788F17","16283C9893F63B7F",25.200000762939453,1012.590576171875,54.700000762939453,20.600006103515625,360,"CWF-MX-001"
2019-11-15T00:00:00.0000000,2019-11-15T11:31:35.1378619Z,1,2019-11-15T11:31:35.0260000Z,"WeatherStation","4C788F17","178132C4249314F6",25.299999237060547,1012.633056640625,54.700000762939453,20.600006103515625,360,"CWF-MX-001"
2019-11-15T00:00:00.0000000,2019-11-15T11:31:40.5369079Z,1,2019-11-15T11:31:40.3570000Z,"WeatherStation","4C788F17","178132C4249314F6",25.299999237060547,1012.632080078125,54.700000762939453,20.600006103515625,360,"CWF-MX-001"
2019-11-15T00:00:00.0000000,2019-11-15T11:31:45.8257937Z,1,2019-11-15T11:31:45.8000000Z,"WeatherStation","4C788F17","178132C4249314F6",25.299999237060547,1012.5703125,54.599998474121094,20.600006103515625,360,"CWF-MX-001"
2019-11-15T00:00:00.0000000,2019-11-15T11:31:51.2268218Z,1,2019-11-15T11:31:51.1460000Z,"WeatherStation","4C788F17","178132C4249314F6",25.299999237060547,1012.6044921875,54.799999237060547,20.600006103515625,360,"CWF-MX-001"
2019-11-15T00:00:00.0000000,2019-11-15T11:31:56.6169098Z,1,2019-11-15T11:31:56.4920000Z,"WeatherStation","4C788F17","178132C4249314F6",25.299999237060547,1012.595947265625,54.599998474121094,20.600006103515625,360,"CWF-MX-001"
2019-11-15T00:00:00.0000000,2019-11-15T11:32:01.9148840Z,1,2019-11-15T11:32:01.8370000Z,"WeatherStation","4C788F17","178132C4249314F6",25.299999237060547,1012.580078125,54.700000762939453,20.600006103515625,360,"CWF-MX-001"
2019-11-15T00:00:00.0000000,2019-11-15T11:32:07.3099148Z,1,2019-11-15T11:32:07.1680000Z,"WeatherStation","4C788F17","178132C4249314F6",25.299999237060547,1012.56591796875,54.5,20.600006103515625,360,"CWF-MX-001"
2019-11-15T00:00:00.0000000,2019-11-15T11:32:12.7069993Z,1,2019-11-15T11:32:12.5900000Z,"WeatherStation","4C788F17","178132C4249314F6",25.299999237060547,1012.556640625,54.5,20.600006103515625,360,"CWF-MX-001"
2019-11-15T00:00:00.0000000,2019-11-15T11:32:18.1089774Z,1,2019-11-15T11:32:17.9650000Z,"WeatherStation","4C788F17","16283C9893F63B7F",25.200000762939453,1012.5654296875,54.599998474121094,20.600006103515625,360,"CWF-MX-001"
2019-11-15T00:00:00.0000000,2019-11-15T11:32:23.5063028Z,1,2019-11-15T11:32:23.4050000Z,"WeatherStation","4C788F17","16283C9893F63B7F",25.200000762939453,1012.63134765625,54.599998474121094,20.600006103515625,360,"CWF-MX-001"
2019-11-15T00:00:00.0000000,2019-11-15T11:32:28.9013204Z,1,2019-11-15T11:32:28.7490000Z,"WeatherStation","4C788F17","16283C9893F63B7F",25.200000762939453,1012.60107421875,54.799999237060547,20.600006103515625,360,"CWF-MX-001"
2019-11-15T00:00:00.0000000,2019-11-15T11:32:34.1883185Z,1,2019-11-15T11:32:34.0950000Z,"WeatherStation","4C788F17","178132C4249314F6",25.299999237060547,1012.573486328125,54.5,20.600006103515625,360,"CWF-MX-001"
2019-11-15T00:00:00.0000000,2019-11-15T11:32:39.4914584Z,1,2019-11-15T11:32:39.4410000Z,"WeatherStation","4C788F17","16283C9893F63B7F",25.200000762939453,1012.54296875,54.599998474121094,20.600006103515625,360,"CWF-MX-001"
2019-11-15T00:00:00.0000000,2019-11-15T11:32:44.8933036Z,1,2019-11-15T11:32:44.7880000Z,"WeatherStation","4C788F17","178132C4249314F6",25.299999237060547,1012.6064453125,54.700000762939453,20.600006103515625,360,"CWF-MX-001"
2019-11-15T00:00:00.0000000,2019-11-15T11:32:50.1898612Z,1,2019-11-15T11:32:50.1170000Z,"WeatherStation","4C788F17","178132C4249314F6",25.299999237060547,1012.568603515625,54.700000762939453,20.600006103515625,360,"CWF-MX-001"
2019-11-15T00:00:00.0000000,2019-11-15T11:32:55.5858400Z,1,2019-11-15T11:32:55.4620000Z,"WeatherStation","4C788F17","178132C4249314F6",25.299999237060547,1012.612060546875,54.5,20.600006103515625,360,"CWF-MX-001"
2019-11-15T00:00:00.0000000,2019-11-15T11:33:00.8809169Z,1,2019-11-15T11:33:00.8070000Z,"WeatherStation","4C788F17","AA62399EF4BCCBC3",25.299999237060547,1012.599609375,54.599998474121094,20.200004577636719,360,"CWF-MX-001"
2019-11-15T00:00:00.0000000,2019-11-15T11:33:06.2759455Z,1,2019-11-15T11:33:06.1820000Z,"WeatherStation","4C788F17","A54BB191A8D6D58E",25.200000762939453,1012.609375,54.799999237060547,20.200004577636719,219,"CWF-MX-001"
2019-11-15T00:00:00.0000000,2019-11-15T11:33:11.5839704Z,1,2019-11-15T11:33:11.4960000Z,"WeatherStation","4C788F17","E8EB11B202D1E8C9",25.100000381469727,1012.551513671875,54.900001525878906,20.200004577636719,285,"CWF-MX-001"
2019-11-15T00:00:00.0000000,2019-11-15T11:33:16.9810581Z,1,2019-11-15T11:33:16.8410000Z,"WeatherStation","4C788F17","E8EB11B202D1E8C9",25.100000381469727,1012.598388671875,55.200000762939453,20.200004577636719,285,"CWF-MX-001"
2019-11-15T00:00:00.0000000,2019-11-15T11:33:22.2810384Z,1,2019-11-15T11:33:22.1880000Z,"WeatherStation","4C788F17","E8EB11B202D1E8C9",25.100000381469727,1012.6455078125,54.700000762939453,20.200004577636719,285,"CWF-MX-001"
2019-11-15T00:00:00.0000000,2019-11-15T11:33:27.5867448Z,1,2019-11-15T11:33:27.5190000Z,"WeatherStation","4C788F17","92B51BBA002AD201",25.200000762939453,1012.61376953125,54.900001525878906,20.200004577636719,285,"CWF-MX-001"
2019-11-15T00:00:00.0000000,2019-11-15T11:33:32.9867688Z,1,2019-11-15T11:33:32.8800000Z,"WeatherStation","4C788F17","92B51BBA002AD201",25.200000762939453,1012.603271484375,55,20.200004577636719,285,"CWF-MX-001"
2019-11-15T00:00:00.0000000,2019-11-15T11:33:38.3697953Z,1,2019-11-15T11:33:38.2090000Z,"WeatherStation","4C788F17","92B51BBA002AD201",25.200000762939453,1012.58447265625,55,20.200004577636719,285,"CWF-MX-001"
2019-11-15T00:00:00.0000000,2019-11-15T11:33:43.7672343Z,1,2019-11-15T11:33:43.7270000Z,"WeatherStation","4C788F17","92B51BBA002AD201",25.200000762939453,1012.583251953125,54.900001525878906,20.200004577636719,285,"CWF-MX-001"
2019-11-15T00:00:00.0000000,2019-11-15T11:33:49.1619608Z,1,2019-11-15T11:33:49.1030000Z,"WeatherStation","4C788F17","92B51BBA002AD201",25.200000762939453,1012.590087890625,55,20.200004577636719,285,"CWF-MX-001"
2019-11-15T00:00:00.0000000,2019-11-15T11:33:54.5574518Z,1,2019-11-15T11:33:54.4340000Z,"WeatherStation","4C788F17","E8EB11B202D1E8C9",25.100000381469727,1012.56640625,55,20.200004577636719,285,"CWF-MX-001"
2019-11-15T00:00:00.0000000,2019-11-15T11:33:59.9529264Z,1,2019-11-15T11:33:59.8900000Z,"WeatherStation","4C788F17","A48543A575B6707D",25.200000762939453,1012.515625,55.700000762939453,20.000003814697266,323,"CWF-MX-001"
2019-11-15T00:00:00.0000000,2019-11-15T11:34:05.3539170Z,1,2019-11-15T11:34:05.2350000Z,"WeatherStation","4C788F17","A3D47D21D1BEE94C",26.200000762939453,1012.52197265625,60,17.599994659423828,322,"CWF-MX-001"
2019-11-15T00:00:00.0000000,2019-11-15T11:34:10.6469410Z,1,2019-11-15T11:34:10.5640000Z,"WeatherStation","4C788F17","CC0CDF5641F9EE56",27.100000381469727,1012.565185546875,62.5,14.199991226196289,317,"CWF-MX-001"
2019-11-15T00:00:00.0000000,2019-11-15T11:34:15.9409876Z,1,2019-11-15T11:34:15.9110000Z,"WeatherStation","4C788F17","8904668468D7AB42",27.799999237060547,1012.510498046875,64.0999984741211,15.799989700317383,331,"CWF-MX-001"
2019-11-15T00:00:00.0000000,2019-11-15T11:34:21.3393207Z,1,2019-11-15T11:34:21.2560000Z,"WeatherStation","4C788F17","F7EA884422C07804",28.100000381469727,1012.4462890625,63.700000762939453,15.799989700317383,310,"CWF-MX-001"
2019-11-15T00:00:00.0000000,2019-11-15T11:34:26.6386779Z,1,2019-11-15T11:34:26.6030000Z,"WeatherStation","4C788F17","FC1DC2A81E58453A",28.299999237060547,1012.558349609375,63.599998474121094,15.799989700317383,317,"CWF-MX-001"
2019-11-15T00:00:00.0000000,2019-11-15T11:34:32.0467052Z,1,2019-11-15T11:34:31.9480000Z,"WeatherStation","4C788F17","BD49537D2238B905",27.899999618530273,1012.603515625,61.200000762939453,15.799989700317383,323,"CWF-MX-001"
2019-11-15T00:00:00.0000000,2019-11-15T11:34:37.3537526Z,1,2019-11-15T11:34:37.2950000Z,"WeatherStation","4C788F17","B73DD5BF539F87D3",27.700000762939453,1012.5673828125,59.5,15.799989700317383,316,"CWF-MX-001"
2019-11-15T00:00:00.0000000,2019-11-15T11:34:42.6577585Z,1,2019-11-15T11:34:42.6380000Z,"WeatherStation","4C788F17","802DD2C354B69D4E",27.899999618530273,1012.563232421875,60,15.799989700317383,317,"CWF-MX-001"
2019-11-15T00:00:00.0000000,2019-11-15T11:34:48.0549645Z,1,2019-11-15T11:34:47.9690000Z,"WeatherStation","4C788F17","7CE84B03909973BF",28.200000762939453,1012.572265625,60,15.799989700317383,320,"CWF-MX-001"
2019-11-15T00:00:00.0000000,2019-11-15T11:34:53.5509994Z,1,2019-11-15T11:34:53.4390000Z,"WeatherStation","4C788F17","A012485AE7863A97",28.200000762939453,1012.59375,59.700000762939453,15.799989700317383,326,"CWF-MX-001"
2019-11-15T00:00:00.0000000,2019-11-15T11:34:58.8492575Z,1,2019-11-15T11:34:58.7680000Z,"WeatherStation","4C788F17","A012485AE7863A97",28.200000762939453,1012.55029296875,58.599998474121094,15.799989700317383,326,"CWF-MX-001"
2019-11-15T00:00:00.0000000,2019-11-15T11:35:04.2492753Z,1,2019-11-15T11:35:04.1120000Z,"WeatherStation","4C788F17","A012485AE7863A97",28.200000762939453,1012.61328125,57.200000762939453,15.799989700317383,326,"CWF-MX-001"
2019-11-15T00:00:00.0000000,2019-11-15T11:35:09.5492787Z,1,2019-11-15T11:35:09.4590000Z,"WeatherStation","4C788F17","A012485AE7863A97",28.200000762939453,1012.5830078125,56.200000762939453,15.799989700317383,326,"CWF-MX-001"
2019-11-15T00:00:00.0000000,2019-11-15T11:35:14.9489248Z,1,2019-11-15T11:35:14.8040000Z,"WeatherStation","4C788F17","4CA5D8ED7C3EF201",28.399999618530273,1012.579345703125,56.700000762939453,15.799989700317383,325,"CWF-MX-001"
2019-11-15T00:00:00.0000000,2019-11-15T11:35:20.3415940Z,1,2019-11-15T11:35:20.1340000Z,"WeatherStation","4C788F17","C6F6985D055F4F57",28.700000762939453,1012.6103515625,57.299999237060547,15.799989700317383,324,"CWF-MX-001"
2019-11-15T00:00:00.0000000,2019-11-15T11:35:25.6356299Z,1,2019-11-15T11:35:25.5900000Z,"WeatherStation","4C788F17","2CC9EB4BFB27E238",28.899999618530273,1012.59814453125,57.099998474121094,15.799989700317383,324,"CWF-MX-001"
2019-11-15T00:00:00.0000000,2019-11-15T11:35:31.0386047Z,1,2019-11-15T11:35:30.9360000Z,"WeatherStation","4C788F17","7227EEFF471AC58C",29.200000762939453,1012.6171875,57,15.799989700317383,318,"CWF-MX-001"
2019-11-15T00:00:00.0000000,2019-11-15T11:35:36.3366309Z,1,2019-11-15T11:35:36.3010000Z,"WeatherStation","4C788F17","226EB2A0D1E9249A",29.100000381469727,1012.652099609375,55.5,15.799989700317383,318,"CWF-MX-001"
2019-11-15T00:00:00.0000000,2019-11-15T11:35:41.7416034Z,1,2019-11-15T11:35:41.6180000Z,"WeatherStation","4C788F17","A6E75BBC15B3F53D",28.899999618530273,1012.660400390625,54.700000762939453,15.799989700317383,317,"CWF-MX-001"
2019-11-15T00:00:00.0000000,2019-11-15T11:35:47.1336200Z,1,2019-11-15T11:35:46.9640000Z,"WeatherStation","4C788F17","BFCDB80D7144CFE7",28.700000762939453,1012.603759765625,54.099998474121094,15.799989700317383,314,"CWF-MX-001"
2019-11-15T00:00:00.0000000,2019-11-15T11:35:52.5227640Z,1,2019-11-15T11:35:52.4040000Z,"WeatherStation","4C788F17","077585F66B26D6CC",28.5,1012.63037109375,53.599998474121094,15.799989700317383,315,"CWF-MX-001"
2019-11-15T00:00:00.0000000,2019-11-15T11:35:57.8217201Z,1,2019-11-15T11:35:57.7480000Z,"WeatherStation","4C788F17","E2716404FD029374",28.200000762939453,1012.564697265625,52.799999237060547,15.799989700317383,289,"CWF-MX-001"
2019-11-15T00:00:00.0000000,2019-11-15T11:36:03.1206654Z,1,2019-11-15T11:36:03.0930000Z,"WeatherStation","4C788F17","FEA5F1255E92C800",27.799999237060547,1012.568115234375,52.200000762939453,15.799989700317383,285,"CWF-MX-001"
2019-11-15T00:00:00.0000000,2019-11-15T11:36:08.5223777Z,1,2019-11-15T11:36:08.4390000Z,"WeatherStation","4C788F17","14A73FDBBB52B524",27.299999237060547,1012.60888671875,51.900001525878906,15.799989700317383,279,"CWF-MX-001"
2019-11-15T00:00:00.0000000,2019-11-15T11:36:13.9274230Z,1,2019-11-15T11:36:13.7850000Z,"WeatherStation","4C788F17","2CAFD6CCDABD5D76",27,1012.61865234375,51.799999237060547,15.799989700317383,281,"CWF-MX-001"
2019-11-15T00:00:00.0000000,2019-11-15T11:36:19.3284378Z,1,2019-11-15T11:36:19.2220000Z,"WeatherStation","4C788F17","C5C762A138733A83",26.799999237060547,1012.640625,51.799999237060547,15.799989700317383,285,"CWF-MX-001"
2019-11-15T00:00:00.0000000,2019-11-15T11:36:24.7194248Z,1,2019-11-15T11:36:24.5700000Z,"WeatherStation","4C788F17","2966C51EF8EC41A3",26.600000381469727,1012.5849609375,52,15.799989700317383,285,"CWF-MX-001"
2019-11-15T00:00:00.0000000,2019-11-15T11:36:30.0210291Z,1,2019-11-15T11:36:29.9140000Z,"WeatherStation","4C788F17","69F813B84E7366E1",26.5,1012.58935546875,52.099998474121094,15.799989700317383,285,"CWF-MX-001"
2019-11-15T00:00:00.0000000,2019-11-15T11:36:35.3320185Z,1,2019-11-15T11:36:35.2450000Z,"WeatherStation","4C788F17","69F813B84E7366E1",26.5,1012.625732421875,52.200000762939453,15.799989700317383,285,"CWF-MX-001"
2019-11-15T00:00:00.0000000,2019-11-15T11:36:40.7219853Z,1,2019-11-15T11:36:40.5920000Z,"WeatherStation","4C788F17","72EFAAB3B872EC1C",26.399999618530273,1012.59130859375,52.299999237060547,15.799989700317383,286,"CWF-MX-001"
2019-11-15T00:00:00.0000000,2019-11-15T11:36:46.0151525Z,1,2019-11-15T11:36:45.9390000Z,"WeatherStation","4C788F17","460EDCB495AC84FD",26.399999618530273,1012.599609375,52.5,15.799989700317383,285,"CWF-MX-001"
2019-11-15T00:00:00.0000000,2019-11-15T11:36:51.4170427Z,1,2019-11-15T11:36:51.2730000Z,"WeatherStation","4C788F17","469E9AB29D9EC97E",26.399999618530273,1012.63330078125,52.400001525878906,15.799989700317383,284,"CWF-MX-001"
2019-11-15T00:00:00.0000000,2019-11-15T11:36:56.7030538Z,1,2019-11-15T11:36:56.6200000Z,"WeatherStation","4C788F17","69F813B84E7366E1",26.5,1012.638671875,52.5,15.799989700317383,285,"CWF-MX-001"
2019-11-15T00:00:00.0000000,2019-11-15T11:37:02.0950265Z,1,2019-11-15T11:37:01.9650000Z,"WeatherStation","4C788F17","69F813B84E7366E1",26.5,1012.626220703125,52.599998474121094,15.799989700317383,285,"CWF-MX-001"
2019-11-15T00:00:00.0000000,2019-11-15T11:37:07.3905050Z,1,2019-11-15T11:37:07.3280000Z,"WeatherStation","4C788F17","F0437DF3F237E387",26.399999618530273,1012.603759765625,52.400001525878906,15.799989700317383,283,"CWF-MX-001"
2019-11-15T00:00:00.0000000,2019-11-15T11:37:12.7850630Z,1,2019-11-15T11:37:12.6420000Z,"WeatherStation","4C788F17","AEC0AEEA26AA8BFA",26.399999618530273,1012.62158203125,52.599998474121094,15.799989700317383,281,"CWF-MX-001"
2019-11-15T00:00:00.0000000,2019-11-15T11:37:18.1820669Z,1,2019-11-15T11:37:18.0490000Z,"WeatherStation","4C788F17","F0437DF3F237E387",26.399999618530273,1012.6318359375,52.700000762939453,15.799989700317383,283,"CWF-MX-001"
2019-11-15T00:00:00.0000000,2019-11-15T11:37:23.5740864Z,1,2019-11-15T11:37:23.4430000Z,"WeatherStation","4C788F17","F0437DF3F237E387",26.399999618530273,1012.62109375,52.799999237060547,15.799989700317383,283,"CWF-MX-001"
2019-11-15T00:00:00.0000000,2019-11-15T11:37:28.8549217Z,1,2019-11-15T11:37:28.8090000Z,"WeatherStation","4C788F17","AEC0AEEA26AA8BFA",26.399999618530273,1012.6455078125,52.700000762939453,15.799989700317383,281,"CWF-MX-001"
2019-11-15T00:00:00.0000000,2019-11-15T11:37:34.2519086Z,1,2019-11-15T11:37:34.1250000Z,"WeatherStation","4C788F17","F0437DF3F237E387",26.399999618530273,1012.681884765625,52.5,15.799989700317383,283,"CWF-MX-001"
2019-11-15T00:00:00.0000000,2019-11-15T11:37:39.5479160Z,1,2019-11-15T11:37:39.5230000Z,"WeatherStation","4C788F17","469E9AB29D9EC97E",26.399999618530273,1012.617919921875,52.5,15.799989700317383,284,"CWF-MX-001"
2019-11-15T00:00:00.0000000,2019-11-15T11:37:45.0429403Z,1,2019-11-15T11:37:44.9150000Z,"WeatherStation","4C788F17","AEC0AEEA26AA8BFA",26.399999618530273,1012.584716796875,52.599998474121094,15.799989700317383,281,"CWF-MX-001"
2019-11-15T00:00:00.0000000,2019-11-15T11:37:50.5379476Z,1,2019-11-15T11:37:50.3530000Z,"WeatherStation","4C788F17","6CFDF4DDE3FF218C",26.399999618530273,1012.614013671875,52.700000762939453,15.799989700317383,282,"CWF-MX-001"
2019-11-15T00:00:00.0000000,2019-11-15T11:37:55.8279819Z,1,2019-11-15T11:37:55.8060000Z,"WeatherStation","4C788F17","40F1B269AC5BB25D",26.299999237060547,1012.60986328125,52.599998474121094,15.799989700317383,282,"CWF-MX-001"
2019-11-15T00:00:00.0000000,2019-11-15T11:38:01.3169789Z,1,2019-11-15T11:38:01.1520000Z,"WeatherStation","4C788F17","8C0C375980C21684",26.299999237060547,1012.647705078125,52.700000762939453,15.799989700317383,281,"CWF-MX-001"
2019-11-15T00:00:00.0000000,2019-11-15T11:38:06.6079380Z,1,2019-11-15T11:38:06.5900000Z,"WeatherStation","4C788F17","8C0C375980C21684",26.299999237060547,1012.64111328125,52.599998474121094,15.799989700317383,281,"CWF-MX-001"
2019-11-15T00:00:00.0000000,2019-11-15T11:38:12.0019253Z,1,2019-11-15T11:38:11.9340000Z,"WeatherStation","4C788F17","40F1B269AC5BB25D",26.299999237060547,1012.579833984375,52.799999237060547,15.799989700317383,282,"CWF-MX-001"
2019-11-15T00:00:00.0000000,2019-11-15T11:38:17.3939940Z,1,2019-11-15T11:38:17.2820000Z,"WeatherStation","4C788F17","F6490F648923CDB6",26.200000762939453,1012.577880859375,52.700000762939453,15.799989700317383,298,"CWF-MX-001"
2019-11-15T00:00:00.0000000,2019-11-15T11:38:22.7819706Z,1,2019-11-15T11:38:22.7220000Z,"WeatherStation","4C788F17","21A7EBB98AC416D5",26.200000762939453,1012.6259765625,52.900001525878906,15.799989700317383,297,"CWF-MX-001"
2019-11-15T00:00:00.0000000,2019-11-15T11:38:28.2759763Z,1,2019-11-15T11:38:28.0670000Z,"WeatherStation","4C788F17","EE727A6B6747FDD6",26.100000381469727,1012.62939453125,53.099998474121094,15.799989700317383,297,"CWF-MX-001"
2019-11-15T00:00:00.0000000,2019-11-15T11:38:33.6629292Z,1,2019-11-15T11:38:33.6000000Z,"WeatherStation","4C788F17","FCA48538BA438430",26,1012.59423828125,53.299999237060547,15.799989700317383,293,"CWF-MX-001"
2019-11-15T00:00:00.0000000,2019-11-15T11:38:39.1579613Z,1,2019-11-15T11:38:38.9460000Z,"WeatherStation","4C788F17","40D5D7EF61B8550E",26.100000381469727,1012.58056640625,53.299999237060547,15.799989700317383,296,"CWF-MX-001"
2019-11-15T00:00:00.0000000,2019-11-15T11:38:44.5556467Z,1,2019-11-15T11:38:44.4010000Z,"WeatherStation","4C788F17","475EBF34A464B501",26,1012.640380859375,53.5,15.799989700317383,295,"CWF-MX-001"
2019-11-15T00:00:00.0000000,2019-11-15T11:38:49.9526518Z,1,2019-11-15T11:38:49.8400000Z,"WeatherStation","4C788F17","EE727A6B6747FDD6",26.100000381469727,1012.63134765625,53.5,15.799989700317383,297,"CWF-MX-001"
2019-11-15T00:00:00.0000000,2019-11-15T11:38:55.3544790Z,1,2019-11-15T11:38:55.1870000Z,"WeatherStation","4C788F17","0FA6E2734857B441",26.100000381469727,1012.609375,53.299999237060547,15.799989700317383,299,"CWF-MX-001"
2019-11-15T00:00:00.0000000,2019-11-15T11:39:00.7354074Z,1,2019-11-15T11:39:00.6270000Z,"WeatherStation","4C788F17","40D5D7EF61B8550E",26.100000381469727,1012.663330078125,52.900001525878906,15.799989700317383,296,"CWF-MX-001"
2019-11-15T00:00:00.0000000,2019-11-15T11:39:06.1344821Z,1,2019-11-15T11:39:05.9720000Z,"WeatherStation","4C788F17","C6DAA1FC21DCCD01",26.100000381469727,1012.654296875,53.299999237060547,15.799989700317383,294,"CWF-MX-001"
2019-11-15T00:00:00.0000000,2019-11-15T11:39:11.5244405Z,1,2019-11-15T11:39:11.4120000Z,"WeatherStation","4C788F17","F6490F648923CDB6",26.200000762939453,1012.671875,53.200000762939453,15.799989700317383,298,"CWF-MX-001"
2019-11-15T00:00:00.0000000,2019-11-15T11:39:16.8281232Z,1,2019-11-15T11:39:16.7600000Z,"WeatherStation","4C788F17","4D11CD96E8F378D2",26.200000762939453,1012.60498046875,53.299999237060547,15.799989700317383,296,"CWF-MX-001"
2019-11-15T00:00:00.0000000,2019-11-15T11:39:22.2283482Z,1,2019-11-15T11:39:22.1050000Z,"WeatherStation","4C788F17","C153BED4AC2C4AD3",26.100000381469727,1012.596923828125,53.299999237060547,15.799989700317383,298,"CWF-MX-001"
2019-11-15T00:00:00.0000000,2019-11-15T11:39:27.5233525Z,1,2019-11-15T11:39:27.4510000Z,"WeatherStation","4C788F17","21A7EBB98AC416D5",26.200000762939453,1012.638916015625,53.099998474121094,15.799989700317383,297,"CWF-MX-001"
2019-11-15T00:00:00.0000000,2019-11-15T11:39:32.9253588Z,1,2019-11-15T11:39:32.7830000Z,"WeatherStation","4C788F17","B899152163D33006",26.200000762939453,1012.6064453125,53,15.799989700317383,295,"CWF-MX-001"
2019-11-15T00:00:00.0000000,2019-11-15T11:39:38.3223556Z,1,2019-11-15T11:39:38.2400000Z,"WeatherStation","4C788F17","21A7EBB98AC416D5",26.200000762939453,1012.61767578125,53.099998474121094,15.799989700317383,297,"CWF-MX-001"
2019-11-15T00:00:00.0000000,2019-11-15T11:39:43.6047141Z,1,2019-11-15T11:39:43.5850000Z,"WeatherStation","4C788F17","C8D070325216AB75",26.299999237060547,1012.627197265625,53,15.799989700317383,295,"CWF-MX-001"
2019-11-15T00:00:00.0000000,2019-11-15T11:39:48.9947180Z,1,2019-11-15T11:39:48.9310000Z,"WeatherStation","4C788F17","B899152163D33006",26.200000762939453,1012.64990234375,52.900001525878906,15.799989700317383,295,"CWF-MX-001"
2019-11-15T00:00:00.0000000,2019-11-15T11:39:54.3973810Z,1,2019-11-15T11:39:54.2600000Z,"WeatherStation","4C788F17","C8D070325216AB75",26.299999237060547,1012.685302734375,52.900001525878906,15.799989700317383,295,"CWF-MX-001"
2019-11-15T00:00:00.0000000,2019-11-15T11:39:59.7923786Z,1,2019-11-15T11:39:59.7160000Z,"WeatherStation","4C788F17","AF7081A6BC489252",26.299999237060547,1012.6953125,53,15.799989700317383,296,"CWF-MX-001"
2019-11-15T00:00:00.0000000,2019-11-15T11:40:05.1943828Z,1,2019-11-15T11:40:05.0610000Z,"WeatherStation","4C788F17","AF7081A6BC489252",26.299999237060547,1012.6474609375,52.900001525878906,15.799989700317383,296,"CWF-MX-001"
2019-11-15T00:00:00.0000000,2019-11-15T11:40:10.5813851Z,1,2019-11-15T11:40:10.5150000Z,"WeatherStation","4C788F17","AF7081A6BC489252",26.299999237060547,1012.655029296875,53.099998474121094,15.799989700317383,296,"CWF-MX-001"
2019-11-15T00:00:00.0000000,2019-11-15T11:40:15.9744059Z,1,2019-11-15T11:40:15.8450000Z,"WeatherStation","4C788F17","46722E3B1C6D46FE",26.399999618530273,1012.634033203125,53.599998474121094,15.799989700317383,299,"CWF-MX-001"
2019-11-15T00:00:00.0000000,2019-11-15T11:40:21.3706301Z,1,2019-11-15T11:40:21.2850000Z,"WeatherStation","4C788F17","AE5D4B5D042974FA",26.399999618530273,1012.619873046875,53,15.799989700317383,298,"CWF-MX-001"
2019-11-15T00:00:00.0000000,2019-11-15T11:40:26.7656189Z,1,2019-11-15T11:40:26.7230000Z,"WeatherStation","4C788F17","46722E3B1C6D46FE",26.399999618530273,1012.6552734375,52.900001525878906,15.799989700317383,299,"CWF-MX-001"
2019-11-15T00:00:00.0000000,2019-11-15T11:40:32.1546597Z,1,2019-11-15T11:40:32.0680000Z,"WeatherStation","4C788F17","FEB09B5609C5EC32",26.399999618530273,1012.614013671875,52.799999237060547,15.799989700317383,295,"CWF-MX-001"
2019-11-15T00:00:00.0000000,2019-11-15T11:40:37.4456581Z,1,2019-11-15T11:40:37.4120000Z,"WeatherStation","4C788F17","A4F305EC666F5C6A",26.399999618530273,1012.65576171875,52.900001525878906,15.799989700317383,297,"CWF-MX-001"
2019-11-15T00:00:00.0000000,2019-11-15T11:40:42.8456518Z,1,2019-11-15T11:40:42.7720000Z,"WeatherStation","4C788F17","EB3EDE61C5340210",26.5,1012.671142578125,53,15.799989700317383,295,"CWF-MX-001"
2019-11-15T00:00:00.0000000,2019-11-15T11:40:48.2353720Z,1,2019-11-15T11:40:48.1000000Z,"WeatherStation","4C788F17","D4DC9DFEF478873A",26.5,1012.686767578125,52.799999237060547,15.799989700317383,296,"CWF-MX-001"
2019-11-15T00:00:00.0000000,2019-11-15T11:40:53.5299928Z,1,2019-11-15T11:40:53.4440000Z,"WeatherStation","4C788F17","AE5D4B5D042974FA",26.399999618530273,1012.64794921875,53.099998474121094,15.799989700317383,298,"CWF-MX-001"
2019-11-15T00:00:00.0000000,2019-11-15T11:40:58.9289990Z,1,2019-11-15T11:40:58.7880000Z,"WeatherStation","4C788F17","433FAA9202E7CC85",26.399999618530273,1012.678466796875,53.200000762939453,15.799989700317383,296,"CWF-MX-001"
2019-11-15T00:00:00.0000000,2019-11-15T11:41:04.2329707Z,1,2019-11-15T11:41:04.1490000Z,"WeatherStation","4C788F17","EB3EDE61C5340210",26.5,1012.633544921875,52.900001525878906,15.799989700317383,295,"CWF-MX-001"
2019-11-15T00:00:00.0000000,2019-11-15T11:41:09.5300168Z,1,2019-11-15T11:41:09.4780000Z,"WeatherStation","4C788F17","49F361B091D1155D",26.5,1012.7138671875,52.900001525878906,15.799989700317383,294,"CWF-MX-001"
2019-11-15T00:00:00.0000000,2019-11-15T11:41:14.9249682Z,1,2019-11-15T11:41:14.8240000Z,"WeatherStation","4C788F17","D4DC9DFEF478873A",26.5,1012.661376953125,52.900001525878906,15.799989700317383,296,"CWF-MX-001"
2019-11-15T00:00:00.0000000,2019-11-15T11:41:20.2209726Z,1,2019-11-15T11:41:20.1700000Z,"WeatherStation","4C788F17","70B3A56A6C2B21FC",26.5,1012.647705078125,53.099998474121094,15.799989700317383,298,"CWF-MX-001"
2019-11-15T00:00:00.0000000,2019-11-15T11:41:25.6098491Z,1,2019-11-15T11:41:25.5620000Z,"WeatherStation","4C788F17","EB3EDE61C5340210",26.5,1012.708984375,52.799999237060547,15.799989700317383,295,"CWF-MX-001"
2019-11-15T00:00:00.0000000,2019-11-15T11:41:30.9998572Z,1,2019-11-15T11:41:30.9540000Z,"WeatherStation","4C788F17","D4DC9DFEF478873A",26.5,1012.69580078125,52.700000762939453,15.799989700317383,296,"CWF-MX-001"
2019-11-15T00:00:00.0000000,2019-11-15T11:41:36.3918146Z,1,2019-11-15T11:41:36.2990000Z,"WeatherStation","4C788F17","49F361B091D1155D",26.5,1012.69287109375,52.5,15.799989700317383,294,"CWF-MX-001"
2019-11-15T00:00:00.0000000,2019-11-15T11:41:41.7878136Z,1,2019-11-15T11:41:41.6580000Z,"WeatherStation","4C788F17","FF23B6288F9EC2B5",26.600000381469727,1012.7265625,52.599998474121094,15.799989700317383,295,"CWF-MX-001"
2019-11-15T00:00:00.0000000,2019-11-15T11:41:47.0827941Z,1,2019-11-15T11:41:46.9860000Z,"WeatherStation","4C788F17","FB320A20B62F9ED9",26.600000381469727,1012.658203125,52.700000762939453,15.799989700317383,297,"CWF-MX-001"
2019-11-15T00:00:00.0000000,2019-11-15T11:41:52.3732882Z,1,2019-11-15T11:41:52.3340000Z,"WeatherStation","4C788F17","089449ECF0D58B21",26.600000381469727,1012.706298828125,52.5,15.799989700317383,294,"CWF-MX-001"
2019-11-15T00:00:00.0000000,2019-11-15T11:41:57.7682582Z,1,2019-11-15T11:41:57.6640000Z,"WeatherStation","4C788F17","709969C8CC0F1700",26.600000381469727,1012.685791015625,52.400001525878906,15.799989700317383,296,"CWF-MX-001"
2019-11-15T00:00:00.0000000,2019-11-15T11:42:03.0623022Z,1,2019-11-15T11:42:03.0080000Z,"WeatherStation","4C788F17","709969C8CC0F1700",26.600000381469727,1012.688720703125,52.299999237060547,15.799989700317383,296,"CWF-MX-001"
2019-11-15T00:00:00.0000000,2019-11-15T11:42:08.4572889Z,1,2019-11-15T11:42:08.3540000Z,"WeatherStation","4C788F17","3A3A919EB92DDA66",26.700000762939453,1012.642333984375,52.200000762939453,15.799989700317383,297,"CWF-MX-001"
2019-11-15T00:00:00.0000000,2019-11-15T11:42:13.7512560Z,1,2019-11-15T11:42:13.6990000Z,"WeatherStation","4C788F17","E6351893C4DFA460",26.700000762939453,1012.615478515625,52.200000762939453,15.799989700317383,295,"CWF-MX-001"
2019-11-15T00:00:00.0000000,2019-11-15T11:42:19.1472757Z,1,2019-11-15T11:42:19.0440000Z,"WeatherStation","4C788F17","131B40E9B7753454",26.700000762939453,1012.6923828125,52.200000762939453,15.799989700317383,296,"CWF-MX-001"
2019-11-15T00:00:00.0000000,2019-11-15T11:42:24.5432995Z,1,2019-11-15T11:42:24.3900000Z,"WeatherStation","4C788F17","E6351893C4DFA460",26.700000762939453,1012.710693359375,52.400001525878906,15.799989700317383,295,"CWF-MX-001"
2019-11-15T00:00:00.0000000,2019-11-15T11:42:29.9432971Z,1,2019-11-15T11:42:29.8320000Z,"WeatherStation","4C788F17","7A02D9892B485969",26.799999237060547,1012.679931640625,52.5,15.799989700317383,296,"CWF-MX-001"
2019-11-15T00:00:00.0000000,2019-11-15T11:42:35.3341704Z,1,2019-11-15T11:42:35.2250000Z,"WeatherStation","4C788F17","0A36E43581831FE0",26.799999237060547,1012.727783203125,52.599998474121094,15.799989700317383,295,"CWF-MX-001"
2019-11-15T00:00:00.0000000,2019-11-15T11:42:40.6331820Z,1,2019-11-15T11:42:40.6160000Z,"WeatherStation","4C788F17","0A36E43581831FE0",26.799999237060547,1012.66796875,52.700000762939453,15.799989700317383,295,"CWF-MX-001"
2019-11-15T00:00:00.0000000,2019-11-15T11:42:46.0332407Z,1,2019-11-15T11:42:45.9610000Z,"WeatherStation","4C788F17","953BF2D1C42E3483",26.799999237060547,1012.71240234375,52.400001525878906,15.799989700317383,297,"CWF-MX-001"
2019-11-15T00:00:00.0000000,2019-11-15T11:42:51.4312578Z,1,2019-11-15T11:42:51.3090000Z,"WeatherStation","4C788F17","0A36E43581831FE0",26.799999237060547,1012.753662109375,51.799999237060547,15.799989700317383,295,"CWF-MX-001"
2019-11-15T00:00:00.0000000,2019-11-15T11:42:56.7322623Z,1,2019-11-15T11:42:56.6410000Z,"WeatherStation","4C788F17","A1BB59469B7858D6",26.899999618530273,1012.7373046875,52.200000762939453,15.799989700317383,293,"CWF-MX-001"
2019-11-15T00:00:00.0000000,2019-11-15T11:43:02.1252799Z,1,2019-11-15T11:43:02.0020000Z,"WeatherStation","4C788F17","0A36E43581831FE0",26.799999237060547,1012.765625,52.200000762939453,15.799989700317383,295,"CWF-MX-001"
2019-11-15T00:00:00.0000000,2019-11-15T11:43:07.4213105Z,1,2019-11-15T11:43:07.3310000Z,"WeatherStation","4C788F17","31ADEBF3D1431A60",26.799999237060547,1012.695556640625,52.099998474121094,15.799989700317383,294,"CWF-MX-001"
2019-11-15T00:00:00.0000000,2019-11-15T11:43:12.8193350Z,1,2019-11-15T11:43:12.6760000Z,"WeatherStation","4C788F17","518724EB183624C2",26.899999618530273,1012.719970703125,51.799999237060547,15.799989700317383,294,"CWF-MX-001"
2019-11-15T00:00:00.0000000,2019-11-15T11:43:18.1184015Z,1,2019-11-15T11:43:18.0240000Z,"WeatherStation","4C788F17","B7BDA208EAA85E80",26.899999618530273,1012.72216796875,52,15.799989700317383,295,"CWF-MX-001"
2019-11-15T00:00:00.0000000,2019-11-15T11:43:23.5084385Z,1,2019-11-15T11:43:23.4620000Z,"WeatherStation","4C788F17","518724EB183624C2",26.899999618530273,1012.69921875,52.099998474121094,15.799989700317383,294,"CWF-MX-001"
2019-11-15T00:00:00.0000000,2019-11-15T11:43:28.8994754Z,1,2019-11-15T11:43:28.8080000Z,"WeatherStation","4C788F17","C5A9AC99080BCF76",26.899999618530273,1012.656982421875,52.700000762939453,15.399990081787109,287,"CWF-MX-001"
2019-11-15T00:00:00.0000000,2019-11-15T11:43:34.1887633Z,1,2019-11-15T11:43:34.1530000Z,"WeatherStation","4C788F17","302A7D23540C1F08",26.799999237060547,1012.636474609375,52.5,15.399990081787109,146,"CWF-MX-001"
2019-11-15T00:00:00.0000000,2019-11-15T11:43:39.5768010Z,1,2019-11-15T11:43:39.4890000Z,"WeatherStation","4C788F17","4C7071E5321924CD",26.600000381469727,1012.69580078125,52.299999237060547,15.399990081787109,147,"CWF-MX-001"
2019-11-15T00:00:00.0000000,2019-11-15T11:43:44.8718583Z,1,2019-11-15T11:43:44.8400000Z,"WeatherStation","4C788F17","80F01A363E3C2382",26.5,1012.724853515625,52.200000762939453,15.399990081787109,147,"CWF-MX-001"
2019-11-15T00:00:00.0000000,2019-11-15T11:43:50.2608630Z,1,2019-11-15T11:43:50.1870000Z,"WeatherStation","4C788F17","5821D36DEA8F414E",26.299999237060547,1012.76904296875,52.299999237060547,15.399990081787109,147,"CWF-MX-001"
2019-11-15T00:00:00.0000000,2019-11-15T11:43:55.6634841Z,1,2019-11-15T11:43:55.5180000Z,"WeatherStation","4C788F17","70BDD6225D0838C0",26.200000762939453,1012.725341796875,52.200000762939453,15.399990081787109,148,"CWF-MX-001"
2019-11-15T00:00:00.0000000,2019-11-15T11:44:00.9504943Z,1,2019-11-15T11:44:00.8600000Z,"WeatherStation","4C788F17","02978D5A6172BE4A",26.100000381469727,1012.742431640625,52.299999237060547,15.399990081787109,148,"CWF-MX-001"
2019-11-15T00:00:00.0000000,2019-11-15T11:44:06.3565170Z,1,2019-11-15T11:44:06.2560000Z,"WeatherStation","4C788F17","7A820C1573721B17",26,1012.7255859375,52.400001525878906,15.399990081787109,148,"CWF-MX-001"
2019-11-15T00:00:00.0000000,2019-11-15T11:44:11.7486667Z,1,2019-11-15T11:44:11.6490000Z,"WeatherStation","4C788F17","7393D7128CAC6DCD",25.899999618530273,1012.694580078125,52.5,15.399990081787109,148,"CWF-MX-001"
2019-11-15T00:00:00.0000000,2019-11-15T11:44:17.0427163Z,1,2019-11-15T11:44:16.9930000Z,"WeatherStation","4C788F17","2E20124ED60C3B8D",25.799999237060547,1012.69580078125,52.599998474121094,15.399990081787109,148,"CWF-MX-001"
2019-11-15T00:00:00.0000000,2019-11-15T11:44:22.4412449Z,1,2019-11-15T11:44:22.3390000Z,"WeatherStation","4C788F17","2E20124ED60C3B8D",25.799999237060547,1012.717529296875,52.799999237060547,15.399990081787109,148,"CWF-MX-001"
2019-11-15T00:00:00.0000000,2019-11-15T11:44:27.8392732Z,1,2019-11-15T11:44:27.6850000Z,"WeatherStation","4C788F17","64CEAD9811A0E991",25.700000762939453,1012.6943359375,52.900001525878906,15.399990081787109,148,"CWF-MX-001"
2019-11-15T00:00:00.0000000,2019-11-15T11:44:33.1279240Z,1,2019-11-15T11:44:33.0310000Z,"WeatherStation","4C788F17","64CEAD9811A0E991",25.700000762939453,1012.67822265625,53,15.399990081787109,148,"CWF-MX-001"
2019-11-15T00:00:00.0000000,2019-11-15T11:44:38.4209498Z,1,2019-11-15T11:44:38.3750000Z,"WeatherStation","4C788F17","03FF86AF71B61040",25.600000381469727,1012.68603515625,52.900001525878906,15.399990081787109,148,"CWF-MX-001"
2019-11-15T00:00:00.0000000,2019-11-15T11:44:43.8149739Z,1,2019-11-15T11:44:43.7190000Z,"WeatherStation","4C788F17","03FF86AF71B61040",25.600000381469727,1012.718505859375,53.5,15.399990081787109,148,"CWF-MX-001"
2019-11-15T00:00:00.0000000,2019-11-15T11:44:49.1050129Z,1,2019-11-15T11:44:49.0660000Z,"WeatherStation","4C788F17","03FF86AF71B61040",25.600000381469727,1012.710693359375,53.200000762939453,15.399990081787109,148,"CWF-MX-001"
2019-11-15T00:00:00.0000000,2019-11-15T11:44:54.4966079Z,1,2019-11-15T11:44:54.4000000Z,"WeatherStation","4C788F17","A8EFDB8EF51076E4",25.5,1012.688720703125,53.400001525878906,15.399990081787109,148,"CWF-MX-001"
2019-11-15T00:00:00.0000000,2019-11-15T11:44:59.7845344Z,1,2019-11-15T11:44:59.7460000Z,"WeatherStation","4C788F17","A8EFDB8EF51076E4",25.5,1012.675048828125,53.5,15.399990081787109,148,"CWF-MX-001"
2019-11-15T00:00:00.0000000,2019-11-15T11:45:05.1805233Z,1,2019-11-15T11:45:05.0920000Z,"WeatherStation","4C788F17","A8EFDB8EF51076E4",25.5,1012.657470703125,53.599998474121094,15.399990081787109,148,"CWF-MX-001"
2019-11-15T00:00:00.0000000,2019-11-15T11:45:10.4807994Z,1,2019-11-15T11:45:10.4370000Z,"WeatherStation","4C788F17","A8EFDB8EF51076E4",25.5,1012.650634765625,53.5,15.399990081787109,148,"CWF-MX-001"
2019-11-15T00:00:00.0000000,2019-11-15T11:45:15.8709546Z,1,2019-11-15T11:45:15.7700000Z,"WeatherStation","4C788F17","147D74B1B61FD1BD",25.399999618530273,1012.68310546875,53.700000762939453,15.399990081787109,148,"CWF-MX-001"
2019-11-15T00:00:00.0000000,2019-11-15T11:45:21.2647040Z,1,2019-11-15T11:45:21.1170000Z,"WeatherStation","4C788F17","147D74B1B61FD1BD",25.399999618530273,1012.681396484375,53.700000762939453,15.399990081787109,148,"CWF-MX-001"
2019-11-15T00:00:00.0000000,2019-11-15T11:45:26.5540537Z,1,2019-11-15T11:45:26.4640000Z,"WeatherStation","4C788F17","A8EFDB8EF51076E4",25.5,1012.655517578125,53.900001525878906,15.399990081787109,148,"CWF-MX-001"
2019-11-15T00:00:00.0000000,2019-11-15T11:45:31.9402084Z,1,2019-11-15T11:45:31.8080000Z,"WeatherStation","4C788F17","147D74B1B61FD1BD",25.399999618530273,1012.70263671875,53.5,15.399990081787109,148,"CWF-MX-001"
2019-11-15T00:00:00.0000000,2019-11-15T11:45:37.2331476Z,1,2019-11-15T11:45:37.1550000Z,"WeatherStation","4C788F17","147D74B1B61FD1BD",25.399999618530273,1012.67529296875,53.700000762939453,15.399990081787109,148,"CWF-MX-001"
2019-11-15T00:00:00.0000000,2019-11-15T11:45:42.5196565Z,1,2019-11-15T11:45:42.5020000Z,"WeatherStation","4C788F17","147D74B1B61FD1BD",25.399999618530273,1012.708984375,53.799999237060547,15.399990081787109,148,"CWF-MX-001"
2019-11-15T00:00:00.0000000,2019-11-15T11:45:47.9173213Z,1,2019-11-15T11:45:47.8390000Z,"WeatherStation","4C788F17","147D74B1B61FD1BD",25.399999618530273,1012.712890625,54,15.399990081787109,148,"CWF-MX-001"
2019-11-15T00:00:00.0000000,2019-11-15T11:45:53.2131336Z,1,2019-11-15T11:45:53.1870000Z,"WeatherStation","4C788F17","147D74B1B61FD1BD",25.399999618530273,1012.643798828125,53.900001525878906,15.399990081787109,148,"CWF-MX-001"
2019-11-15T00:00:00.0000000,2019-11-15T11:45:58.6058751Z,1,2019-11-15T11:45:58.5320000Z,"WeatherStation","4C788F17","D5262A9564A6D259",25.399999618530273,1012.66796875,54,15.399990081787109,149,"CWF-MX-001"
2019-11-15T00:00:00.0000000,2019-11-15T11:46:04.0142767Z,1,2019-11-15T11:46:03.8630000Z,"WeatherStation","4C788F17","147D74B1B61FD1BD",25.399999618530273,1012.64892578125,54,15.399990081787109,148,"CWF-MX-001"
2019-11-15T00:00:00.0000000,2019-11-15T11:46:09.3064918Z,1,2019-11-15T11:46:09.2090000Z,"WeatherStation","4C788F17","147D74B1B61FD1BD",25.399999618530273,1012.72314453125,54,15.399990081787109,148,"CWF-MX-001"
2019-11-15T00:00:00.0000000,2019-11-15T11:46:14.7087262Z,1,2019-11-15T11:46:14.5560000Z,"WeatherStation","4C788F17","D5262A9564A6D259",25.399999618530273,1012.66845703125,54,15.399990081787109,149,"CWF-MX-001"
2019-11-15T00:00:00.0000000,2019-11-15T11:46:19.9948592Z,1,2019-11-15T11:46:19.9020000Z,"WeatherStation","4C788F17","147D74B1B61FD1BD",25.399999618530273,1012.755615234375,54,15.399990081787109,148,"CWF-MX-001"
2019-11-15T00:00:00.0000000,2019-11-15T11:46:25.2849618Z,1,2019-11-15T11:46:25.2460000Z,"WeatherStation","4C788F17","D5262A9564A6D259",25.399999618530273,1012.769287109375,53.900001525878906,15.399990081787109,149,"CWF-MX-001"
2019-11-15T00:00:00.0000000,2019-11-15T11:46:30.6823735Z,1,2019-11-15T11:46:30.5930000Z,"WeatherStation","4C788F17","147D74B1B61FD1BD",25.399999618530273,1012.7255859375,54.099998474121094,15.399990081787109,148,"CWF-MX-001"
2019-11-15T00:00:00.0000000,2019-11-15T11:46:35.9764215Z,1,2019-11-15T11:46:35.9390000Z,"WeatherStation","4C788F17","D5262A9564A6D259",25.399999618530273,1012.621826171875,54.099998474121094,15.399990081787109,149,"CWF-MX-001"
2019-11-15T00:00:00.0000000,2019-11-15T11:46:41.3654596Z,1,2019-11-15T11:46:41.2850000Z,"WeatherStation","4C788F17","D5262A9564A6D259",25.399999618530273,1012.6533203125,54.099998474121094,15.399990081787109,149,"CWF-MX-001"
2019-11-15T00:00:00.0000000,2019-11-15T11:46:46.6674793Z,1,2019-11-15T11:46:46.6160000Z,"WeatherStation","4C788F17","147D74B1B61FD1BD",25.399999618530273,1012.640380859375,53.900001525878906,15.399990081787109,148,"CWF-MX-001"
2019-11-15T00:00:00.0000000,2019-11-15T11:46:52.0635309Z,1,2019-11-15T11:46:51.9640000Z,"WeatherStation","4C788F17","D5262A9564A6D259",25.399999618530273,1012.67919921875,54.099998474121094,15.399990081787109,149,"CWF-MX-001"
2019-11-15T00:00:00.0000000,2019-11-15T11:46:57.3611816Z,1,2019-11-15T11:46:57.3100000Z,"WeatherStation","4C788F17","147D74B1B61FD1BD",25.399999618530273,1012.683349609375,54.200000762939453,15.399990081787109,148,"CWF-MX-001"
2019-11-15T00:00:00.0000000,2019-11-15T11:47:02.7591816Z,1,2019-11-15T11:47:02.6550000Z,"WeatherStation","4C788F17","B5561B0897BE4DC8",25.299999237060547,1012.688232421875,54.099998474121094,15.399990081787109,149,"CWF-MX-001"
2019-11-15T00:00:00.0000000,2019-11-15T11:47:08.0552579Z,1,2019-11-15T11:47:07.9850000Z,"WeatherStation","4C788F17","147D74B1B61FD1BD",25.399999618530273,1012.698486328125,54.400001525878906,15.399990081787109,148,"CWF-MX-001"
2019-11-15T00:00:00.0000000,2019-11-15T11:47:13.4456774Z,1,2019-11-15T11:47:13.3310000Z,"WeatherStation","4C788F17","D5262A9564A6D259",25.399999618530273,1012.712158203125,54,15.399990081787109,149,"CWF-MX-001"
2019-11-15T00:00:00.0000000,2019-11-15T11:47:18.8435111Z,1,2019-11-15T11:47:18.7870000Z,"WeatherStation","4C788F17","D5262A9564A6D259",25.399999618530273,1012.69287109375,54.099998474121094,15.399990081787109,149,"CWF-MX-001"
2019-11-15T00:00:00.0000000,2019-11-15T11:47:24.4428972Z,1,2019-11-15T11:47:24.3820000Z,"WeatherStation","4C788F17","147D74B1B61FD1BD",25.399999618530273,1012.705810546875,54.099998474121094,15.399990081787109,148,"CWF-MX-001"
2019-11-15T00:00:00.0000000,2019-11-15T11:47:29.8399539Z,1,2019-11-15T11:47:29.7760000Z,"WeatherStation","4C788F17","D5262A9564A6D259",25.399999618530273,1012.67822265625,54.200000762939453,15.399990081787109,149,"CWF-MX-001"
2019-11-15T00:00:00.0000000,2019-11-15T11:47:35.2324416Z,1,2019-11-15T11:47:35.1130000Z,"WeatherStation","4C788F17","D5262A9564A6D259",25.399999618530273,1012.652587890625,53.900001525878906,15.399990081787109,149,"CWF-MX-001"
2019-11-15T00:00:00.0000000,2019-11-15T11:47:40.5102967Z,1,2019-11-15T11:47:40.4590000Z,"WeatherStation","4C788F17","D5262A9564A6D259",25.399999618530273,1012.69873046875,54.200000762939453,15.399990081787109,149,"CWF-MX-001"
2019-11-15T00:00:00.0000000,2019-11-15T11:47:45.8943383Z,1,2019-11-15T11:47:45.8360000Z,"WeatherStation","4C788F17","D5262A9564A6D259",25.399999618530273,1012.697509765625,54.200000762939453,15.399990081787109,149,"CWF-MX-001"
2019-11-15T00:00:00.0000000,2019-11-15T11:47:51.2753645Z,1,2019-11-15T11:47:51.1490000Z,"WeatherStation","4C788F17","D5262A9564A6D259",25.399999618530273,1012.673095703125,54.099998474121094,15.399990081787109,149,"CWF-MX-001"
2019-11-15T00:00:00.0000000,2019-11-15T11:47:56.5704357Z,1,2019-11-15T11:47:56.4930000Z,"WeatherStation","4C788F17","D5262A9564A6D259",25.399999618530273,1012.669677734375,54.200000762939453,15.399990081787109,149,"CWF-MX-001"
2019-11-15T00:00:00.0000000,2019-11-15T11:48:01.8704278Z,1,2019-11-15T11:48:01.8380000Z,"WeatherStation","4C788F17","D5262A9564A6D259",25.399999618530273,1012.6865234375,54.099998474121094,15.399990081787109,149,"CWF-MX-001"
2019-11-15T00:00:00.0000000,2019-11-15T11:48:07.2784579Z,1,2019-11-15T11:48:07.1820000Z,"WeatherStation","4C788F17","D5262A9564A6D259",25.399999618530273,1012.622314453125,54.200000762939453,15.399990081787109,149,"CWF-MX-001"
2019-11-15T00:00:00.0000000,2019-11-15T11:48:12.5695266Z,1,2019-11-15T11:48:12.5130000Z,"WeatherStation","4C788F17","D5262A9564A6D259",25.399999618530273,1012.653076171875,54.099998474121094,15.399990081787109,149,"CWF-MX-001"
2019-11-15T00:00:00.0000000,2019-11-15T11:48:17.9735160Z,1,2019-11-15T11:48:17.8590000Z,"WeatherStation","4C788F17","D5262A9564A6D259",25.399999618530273,1012.6748046875,54.200000762939453,15.399990081787109,149,"CWF-MX-001"
2019-11-15T00:00:00.0000000,2019-11-15T11:48:23.3729468Z,1,2019-11-15T11:48:23.2990000Z,"WeatherStation","4C788F17","D5262A9564A6D259",25.399999618530273,1012.655029296875,54.200000762939453,15.399990081787109,149,"CWF-MX-001"
2019-11-15T00:00:00.0000000,2019-11-15T11:48:28.7631011Z,1,2019-11-15T11:48:28.6470000Z,"WeatherStation","4C788F17","D5262A9564A6D259",25.399999618530273,1012.670166015625,54.099998474121094,15.399990081787109,149,"CWF-MX-001"
2019-11-15T00:00:00.0000000,2019-11-15T11:48:34.1519485Z,1,2019-11-15T11:48:34.1050000Z,"WeatherStation","4C788F17","D5262A9564A6D259",25.399999618530273,1012.67431640625,54.099998474121094,15.399990081787109,149,"CWF-MX-001"
2019-11-15T00:00:00.0000000,2019-11-15T11:48:39.5519365Z,1,2019-11-15T11:48:39.4350000Z,"WeatherStation","4C788F17","D5262A9564A6D259",25.399999618530273,1012.675537109375,54.299999237060547,15.399990081787109,149,"CWF-MX-001"
2019-11-15T00:00:00.0000000,2019-11-15T11:48:44.8420109Z,1,2019-11-15T11:48:44.7800000Z,"WeatherStation","4C788F17","D5262A9564A6D259",25.399999618530273,1012.714599609375,54.099998474121094,15.399990081787109,149,"CWF-MX-001"
2019-11-15T00:00:00.0000000,2019-11-15T11:48:50.2366011Z,1,2019-11-15T11:48:50.1250000Z,"WeatherStation","4C788F17","D5262A9564A6D259",25.399999618530273,1012.71435546875,54.099998474121094,15.399990081787109,149,"CWF-MX-001"
2019-11-15T00:00:00.0000000,2019-11-15T11:48:55.6315793Z,1,2019-11-15T11:48:55.4860000Z,"WeatherStation","4C788F17","D5262A9564A6D259",25.399999618530273,1012.687744140625,54.200000762939453,15.399990081787109,149,"CWF-MX-001"
2019-11-15T00:00:00.0000000,2019-11-15T11:49:01.0262319Z,1,2019-11-15T11:49:00.9100000Z,"WeatherStation","4C788F17","D5262A9564A6D259",25.399999618530273,1012.6279296875,54.200000762939453,15.399990081787109,149,"CWF-MX-001"
2019-11-15T00:00:00.0000000,2019-11-15T11:49:06.3212102Z,1,2019-11-15T11:49:06.2550000Z,"WeatherStation","4C788F17","D5262A9564A6D259",25.399999618530273,1012.6591796875,54,15.399990081787109,149,"CWF-MX-001"
2019-11-15T00:00:00.0000000,2019-11-15T11:49:11.7183012Z,1,2019-11-15T11:49:11.6010000Z,"WeatherStation","4C788F17","74403F9C62384E5B",25.5,1012.65869140625,54.299999237060547,15.399990081787109,149,"CWF-MX-001"
2019-11-15T00:00:00.0000000,2019-11-15T11:49:17.0143182Z,1,2019-11-15T11:49:16.9450000Z,"WeatherStation","4C788F17","D5262A9564A6D259",25.399999618530273,1012.642822265625,53.799999237060547,15.399990081787109,149,"CWF-MX-001"
2019-11-15T00:00:00.0000000,2019-11-15T11:49:22.4053435Z,1,2019-11-15T11:49:22.2910000Z,"WeatherStation","4C788F17","D5262A9564A6D259",25.399999618530273,1012.64501953125,54.099998474121094,15.399990081787109,149,"CWF-MX-001"
2019-11-15T00:00:00.0000000,2019-11-15T11:49:27.6923656Z,1,2019-11-15T11:49:27.6370000Z,"WeatherStation","4C788F17","74403F9C62384E5B",25.5,1012.6103515625,54.299999237060547,15.399990081787109,149,"CWF-MX-001"
2019-11-15T00:00:00.0000000,2019-11-15T11:49:33.0874021Z,1,2019-11-15T11:49:32.9800000Z,"WeatherStation","4C788F17","D5262A9564A6D259",25.399999618530273,1012.620361328125,54,15.399990081787109,149,"CWF-MX-001"
2019-11-15T00:00:00.0000000,2019-11-15T11:49:38.3894375Z,1,2019-11-15T11:49:38.3270000Z,"WeatherStation","4C788F17","D5262A9564A6D259",25.399999618530273,1012.65966796875,53.900001525878906,15.399990081787109,149,"CWF-MX-001"
2019-11-15T00:00:00.0000000,2019-11-15T11:49:43.6844672Z,1,2019-11-15T11:49:43.6550000Z,"WeatherStation","4C788F17","D5262A9564A6D259",25.399999618530273,1012.674560546875,54.099998474121094,15.399990081787109,149,"CWF-MX-001"
2019-11-15T00:00:00.0000000,2019-11-15T11:49:49.0764606Z,1,2019-11-15T11:49:49.0000000Z,"WeatherStation","4C788F17","D5262A9564A6D259",25.399999618530273,1012.668701171875,54.099998474121094,15.399990081787109,149,"CWF-MX-001"
2019-11-15T00:00:00.0000000,2019-11-15T11:49:54.4716624Z,1,2019-11-15T11:49:54.3440000Z,"WeatherStation","4C788F17","74403F9C62384E5B",25.5,1012.702392578125,54.099998474121094,15.399990081787109,149,"CWF-MX-001"
2019-11-15T00:00:00.0000000,2019-11-15T11:49:59.7657058Z,1,2019-11-15T11:49:59.6900000Z,"WeatherStation","4C788F17","74403F9C62384E5B",25.5,1012.6826171875,54.099998474121094,15.399990081787109,149,"CWF-MX-001"
2019-11-15T00:00:00.0000000,2019-11-15T11:50:05.1657074Z,1,2019-11-15T11:50:05.0500000Z,"WeatherStation","4C788F17","D5262A9564A6D259",25.399999618530273,1012.70263671875,54,15.399990081787109,149,"CWF-MX-001"
2019-11-15T00:00:00.0000000,2019-11-15T11:50:10.4647564Z,1,2019-11-15T11:50:10.3790000Z,"WeatherStation","4C788F17","74403F9C62384E5B",25.5,1012.734375,54,15.399990081787109,149,"CWF-MX-001"
2019-11-15T00:00:00.0000000,2019-11-15T11:50:15.7617319Z,1,2019-11-15T11:50:15.7230000Z,"WeatherStation","4C788F17","74403F9C62384E5B",25.5,1012.736083984375,54.099998474121094,15.399990081787109,149,"CWF-MX-001"
2019-11-15T00:00:00.0000000,2019-11-15T11:50:21.3607628Z,1,2019-11-15T11:50:21.2730000Z,"WeatherStation","4C788F17","74403F9C62384E5B",25.5,1012.65966796875,54.099998474121094,15.399990081787109,149,"CWF-MX-001"
2019-11-15T00:00:00.0000000,2019-11-15T11:50:26.6588080Z,1,2019-11-15T11:50:26.6200000Z,"WeatherStation","4C788F17","74403F9C62384E5B",25.5,1012.6416015625,54,15.399990081787109,149,"CWF-MX-001"
2019-11-15T00:00:00.0000000,2019-11-15T11:50:32.0568597Z,1,2019-11-15T11:50:31.9630000Z,"WeatherStation","4C788F17","74403F9C62384E5B",25.5,1012.700439453125,54.099998474121094,15.399990081787109,149,"CWF-MX-001"
2019-11-15T00:00:00.0000000,2019-11-15T11:50:37.4578522Z,1,2019-11-15T11:50:37.3080000Z,"WeatherStation","4C788F17","D5262A9564A6D259",25.399999618530273,1012.673828125,54.200000762939453,15.399990081787109,149,"CWF-MX-001"
2019-11-15T00:00:00.0000000,2019-11-15T11:50:42.8469056Z,1,2019-11-15T11:50:42.7450000Z,"WeatherStation","4C788F17","D5262A9564A6D259",25.399999618530273,1012.69775390625,53.900001525878906,15.399990081787109,149,"CWF-MX-001"
2019-11-15T00:00:00.0000000,2019-11-15T11:50:48.2418871Z,1,2019-11-15T11:50:48.0900000Z,"WeatherStation","4C788F17","D5262A9564A6D259",25.399999618530273,1012.680908203125,54,15.399990081787109,149,"CWF-MX-001"
2019-11-15T00:00:00.0000000,2019-11-15T11:50:53.6384996Z,1,2019-11-15T11:50:53.5280000Z,"WeatherStation","4C788F17","D5262A9564A6D259",25.399999618530273,1012.699462890625,53.799999237060547,15.399990081787109,149,"CWF-MX-001"
2019-11-15T00:00:00.0000000,2019-11-15T11:50:59.0264287Z,1,2019-11-15T11:50:58.8720000Z,"WeatherStation","4C788F17","74403F9C62384E5B",25.5,1012.66259765625,54.299999237060547,15.399990081787109,149,"CWF-MX-001"
2019-11-15T00:00:00.0000000,2019-11-15T11:51:04.3224177Z,1,2019-11-15T11:51:04.2170000Z,"WeatherStation","4C788F17","74403F9C62384E5B",25.5,1012.681884765625,54,15.399990081787109,149,"CWF-MX-001"
2019-11-15T00:00:00.0000000,2019-11-15T11:51:09.7154875Z,1,2019-11-15T11:51:09.6720000Z,"WeatherStation","4C788F17","74403F9C62384E5B",25.5,1012.66357421875,54,15.399990081787109,149,"CWF-MX-001"
2019-11-15T00:00:00.0000000,2019-11-15T11:51:15.1114833Z,1,2019-11-15T11:51:15.0170000Z,"WeatherStation","4C788F17","74403F9C62384E5B",25.5,1012.658203125,54,15.399990081787109,149,"CWF-MX-001"
2019-11-15T00:00:00.0000000,2019-11-15T11:51:20.6045308Z,1,2019-11-15T11:51:20.4540000Z,"WeatherStation","4C788F17","74403F9C62384E5B",25.5,1012.6220703125,54,15.399990081787109,149,"CWF-MX-001"
2019-11-15T00:00:00.0000000,2019-11-15T11:51:25.8975763Z,1,2019-11-15T11:51:25.7990000Z,"WeatherStation","4C788F17","74403F9C62384E5B",25.5,1012.635009765625,54.099998474121094,15.399990081787109,149,"CWF-MX-001"
2019-11-15T00:00:00.0000000,2019-11-15T11:51:31.2925560Z,1,2019-11-15T11:51:31.1440000Z,"WeatherStation","4C788F17","74403F9C62384E5B",25.5,1012.660400390625,54,15.399990081787109,149,"CWF-MX-001"
2019-11-15T00:00:00.0000000,2019-11-15T11:51:36.6915846Z,1,2019-11-15T11:51:36.4910000Z,"WeatherStation","4C788F17","74403F9C62384E5B",25.5,1012.640625,54.099998474121094,15.399990081787109,149,"CWF-MX-001"
2019-11-15T00:00:00.0000000,2019-11-15T11:51:41.9826122Z,1,2019-11-15T11:51:41.9290000Z,"WeatherStation","4C788F17","74403F9C62384E5B",25.5,1012.62841796875,54.299999237060547,15.399990081787109,149,"CWF-MX-001"
2019-11-15T00:00:00.0000000,2019-11-15T11:51:47.3780454Z,1,2019-11-15T11:51:47.2780000Z,"WeatherStation","4C788F17","74403F9C62384E5B",25.5,1012.6728515625,54,15.399990081787109,149,"CWF-MX-001"
2019-11-15T00:00:00.0000000,2019-11-15T11:51:52.6730838Z,1,2019-11-15T11:51:52.6240000Z,"WeatherStation","4C788F17","C00952B74628765F",25.600000381469727,1012.70654296875,54,15.399990081787109,149,"CWF-MX-001"
2019-11-15T00:00:00.0000000,2019-11-15T11:51:58.0680985Z,1,2019-11-15T11:51:57.9550000Z,"WeatherStation","4C788F17","74403F9C62384E5B",25.5,1012.700927734375,54,15.399990081787109,149,"CWF-MX-001"
2019-11-15T00:00:00.0000000,2019-11-15T11:52:03.4670759Z,1,2019-11-15T11:52:03.3000000Z,"WeatherStation","4C788F17","74403F9C62384E5B",25.5,1012.652587890625,54.099998474121094,15.399990081787109,149,"CWF-MX-001"
2019-11-15T00:00:00.0000000,2019-11-15T11:52:08.7651057Z,1,2019-11-15T11:52:08.7390000Z,"WeatherStation","4C788F17","74403F9C62384E5B",25.5,1012.600830078125,54.200000762939453,15.399990081787109,149,"CWF-MX-001"
2019-11-15T00:00:00.0000000,2019-11-15T11:52:14.2540891Z,1,2019-11-15T11:52:14.0840000Z,"WeatherStation","4C788F17","74403F9C62384E5B",25.5,1012.642333984375,53.799999237060547,15.399990081787109,149,"CWF-MX-001"
2019-11-15T00:00:00.0000000,2019-11-15T11:52:19.6404350Z,1,2019-11-15T11:52:19.5380000Z,"WeatherStation","4C788F17","C910691DF0299AA9",25.600000381469727,1012.605712890625,54.099998474121094,11.799993515014648,304,"CWF-MX-001"
2019-11-15T00:00:00.0000000,2019-11-15T11:52:25.0334584Z,1,2019-11-15T11:52:24.9930000Z,"WeatherStation","4C788F17","A26B95557906FABA",25.5,1012.62451171875,54.5,10.599994659423828,323,"CWF-MX-001"
2019-11-15T00:00:00.0000000,2019-11-15T11:52:30.4240287Z,1,2019-11-15T11:52:30.3220000Z,"WeatherStation","4C788F17","A26B95557906FABA",25.5,1012.63720703125,54.099998474121094,10.599994659423828,323,"CWF-MX-001"
2019-11-15T00:00:00.0000000,2019-11-15T11:52:35.8170040Z,1,2019-11-15T11:52:35.7790000Z,"WeatherStation","4C788F17","A26B95557906FABA",25.5,1012.695556640625,54.200000762939453,10.599994659423828,323,"CWF-MX-001"
2019-11-15T00:00:00.0000000,2019-11-15T11:52:41.2120458Z,1,2019-11-15T11:52:41.1100000Z,"WeatherStation","4C788F17","234BBE7FBB739C54",25.399999618530273,1012.652099609375,54.200000762939453,10.599994659423828,323,"CWF-MX-001"
2019-11-15T00:00:00.0000000,2019-11-15T11:52:46.6990430Z,1,2019-11-15T11:52:46.5640000Z,"WeatherStation","4C788F17","A26B95557906FABA",25.5,1012.64697265625,54.200000762939453,10.599994659423828,323,"CWF-MX-001"
2019-11-15T00:00:00.0000000,2019-11-15T11:52:51.9900599Z,1,2019-11-15T11:52:51.8940000Z,"WeatherStation","4C788F17","A26B95557906FABA",25.5,1012.65234375,54.200000762939453,10.599994659423828,323,"CWF-MX-001"
2019-11-15T00:00:00.0000000,2019-11-15T11:52:57.3780435Z,1,2019-11-15T11:52:57.2400000Z,"WeatherStation","4C788F17","234BBE7FBB739C54",25.399999618530273,1012.677978515625,54.200000762939453,10.599994659423828,323,"CWF-MX-001"
2019-11-15T00:00:00.0000000,2019-11-15T11:53:02.7690370Z,1,2019-11-15T11:53:02.6780000Z,"WeatherStation","4C788F17","234BBE7FBB739C54",25.399999618530273,1012.718017578125,54.299999237060547,10.599994659423828,323,"CWF-MX-001"
2019-11-15T00:00:00.0000000,2019-11-15T11:53:08.2648260Z,1,2019-11-15T11:53:08.0240000Z,"WeatherStation","4C788F17","3F0E4F4E755E92E9",25.600000381469727,1012.65869140625,54,10.599994659423828,231,"CWF-MX-001"
2019-11-15T00:00:00.0000000,2019-11-15T11:53:13.5538230Z,1,2019-11-15T11:53:13.4780000Z,"WeatherStation","4C788F17","F649C45E0C921DA9",25.600000381469727,1012.6611328125,54.299999237060547,10.599994659423828,292,"CWF-MX-001"
2019-11-15T00:00:00.0000000,2019-11-15T11:53:18.8478427Z,1,2019-11-15T11:53:18.8060000Z,"WeatherStation","4C788F17","90BB5DFF35A37474",25.700000762939453,1012.6611328125,54.099998474121094,10.599994659423828,304,"CWF-MX-001"
2019-11-15T00:00:00.0000000,2019-11-15T11:53:24.2452517Z,1,2019-11-15T11:53:24.1680000Z,"WeatherStation","4C788F17","2D42658356660B7D",25.799999237060547,1012.66357421875,54.099998474121094,10.599994659423828,333,"CWF-MX-001"
2019-11-15T00:00:00.0000000,2019-11-15T11:53:29.5352683Z,1,2019-11-15T11:53:29.4980000Z,"WeatherStation","4C788F17","7D4E2D4C8BE95309",25.799999237060547,1012.6181640625,54.099998474121094,10.599994659423828,337,"CWF-MX-001"
2019-11-15T00:00:00.0000000,2019-11-15T11:53:34.9182900Z,1,2019-11-15T11:53:34.8470000Z,"WeatherStation","4C788F17","69990C16C2063FE1",25.899999618530273,1012.608642578125,53.900001525878906,10.599994659423828,332,"CWF-MX-001"
2019-11-15T00:00:00.0000000,2019-11-15T11:53:40.3162620Z,1,2019-11-15T11:53:40.1930000Z,"WeatherStation","4C788F17","DE4A877ADD74D1A8",25.899999618530273,1012.7138671875,53.799999237060547,10.599994659423828,329,"CWF-MX-001"
